0;0;;;;
$16,_LP;$16,_LP;yes;;;
10K_Ventures_OU;10K_Ventures_OU;yes;;;
10x_Founders_Fund_GmbH_&_Co._KG;10x_Founders_Fund_GmbH_&_Co._KG;yes;;;
1303_Lemons_UG;1303_Lemons_UG;yes;;;1209
24S.ar.l.;24S.ar.l.;yes;;;
2bX_Urban_Fund_I_GmbH_&_Co._KG;2bX_Urban_Fund_I_GmbH_&_Co._KG;yes;;;
33_cent_GmbH;33_cent_GmbH;yes;;;
468_Capital_GmbH_&_Co._KG;468_Capital_GmbH_&_Co._KG;yes;;;
A06_Ventures_UG_(haftungsbeschrankt);A06_Ventures_UG_(haftungsbeschrankt);yes;;;
A3ZLF_Biovectis_UG;A3ZLF_Biovectis_UG;yes;;;
AB1204_Verwaltungs_GmbH;AB1204_Verwaltungs_GmbH;yes;;;
ABACON_CAPI-TAL_GmbH;ABACON_CAPI-TAL_GmbH;yes;;;
ABACON_CAPITAL_GmbH;ABACON_CAPITAL_GmbH;yes;;;
ABACON_Invest_GmbH;ABACON_Invest_GmbH;yes;;;
ABsolution_Holding_UG_(haftungsbeschrankt);ABsolution_Holding_UG_(haftungsbeschrankt);yes;;;
Accel_Growth_Fund_V_L.P.;Accel_Growth_Fund_V_L.P.;yes;;;
Accel_London_Investors_2016)_LP.;Accel_London_Investors_2016)_LP.;yes;;;
Accel_London_V_L.P.;Accel_London_V_L.P.;yes;;;
acmaios_GmbH;acmaios_GmbH;yes;;;
AddReal_GmbH;AddReal_GmbH;yes;;;
adesso_Ventures_GmbH;adesso_Ventures_GmbH;yes;;;
Adriaan_Tobias_Mol;Adriaan_Tobias_Mol;yes;;;
Aelius_Ventures_GmbH;Aelius_Ventures_GmbH;yes;;;
AENU_Fund_SCA_SICAV-RAIF;AENU_Fund_SCA_SICAV-RAIF;yes;;;
Aeonda_UG_(haftungsbeschrankt);Aeonda_UG_(haftungsbeschrankt);yes;;;
Ahmed_Khan;Ahmed_Khan;yes;;;
Air_Street_Capital_II_LP;Air_Street_Capital_II_LP;yes;;;
AKA_Ventures_GmbH;AKA_Ventures_GmbH;yes;;;
Aksakal_Ventures_GmbH;Aksakal_Ventures_GmbH;yes;;;
AKVaganza_Unternehmergesellschaft_(haftungsbeschrankt);AKVaganza_Unternehmergesellschaft_(haftungsbeschrankt);yes;;;
AL_13_UG_(haftungsbeschrankt);AL_13_UG_(haftungsbeschrankt);yes;;;
Alberti_Innovation_UG_(haftungsbeschrankt);Alberti_Innovation_UG_(haftungsbeschrankt);yes;;;
Albring_Investment_und_Beratungsgesellschaft_mbH;Albring_Investment_und_Beratungsgesellschaft_mbH;yes;;;
Alessandro_Felisi;Alessandro_Felisi;yes;;;
Alexa_Firmenich;Alexa_Firmenich;yes;;;
Alexander_Argyros;Alexander_Argyros;yes;;;
Alexander_Bernhard_Lippert;Alexander_Bernhard_Lippert;yes;;;
Alexander_Christoph_Wei8;Alexander_Christoph_Wei8;yes;;;
Alexander_Emeshev;Alexander_Emeshev;yes;;;
Alexander_Glatzle_Holding_UG_(haftungsbeschrankt);Alexander_Glatzle_Holding_UG_(haftungsbeschrankt);yes;;;
Alexander_Ludwig_Friedrich_Christian_Fuchs;Alexander_Ludwig_Friedrich_Christian_Fuchs;yes;;;
Alexander_Luik_UG_(haftungsbeschrankt);Alexander_Luik_UG_(haftungsbeschrankt);yes;;;
Alexander_Meyer_Management_GmbH_HRB_16497;Alexander_Meyer_Management_GmbH_HRB_16497;yes;;;
Alexander_Schworer;Alexander_Schworer;yes;;;
Alexandre_Micheloud;Alexandre_Micheloud;yes;;;
All_Digital_Services_GmbH;All_Digital_Services_GmbH;yes;;;
Alov_Ventures_UG_(haftungsbeschrankt);Alov_Ventures_UG_(haftungsbeschrankt);yes;;;
Alpine_Space_Ventures_Fund_1_GmbH_&_Co._KG;Alpine_Space_Ventures_Fund_1_GmbH_&_Co._KG;yes;;;
ALSP20_L.L.C.;ALSP20_L.L.C.;yes;;;
ALSTIN_II_Fonds_GmbH_&_Co._KG;ALSTIN_II_Fonds_GmbH_&_Co._KG;yes;;;
Alvio_GmbH;Alvio_GmbH;yes;;;
AM_Catalyst_GmbH;AM_Catalyst_GmbH;yes;;;
Amadeus_APEX_Technology_EuVECA_GmbH_&_Co_KG;Amadeus_APEX_Technology_EuVECA_GmbH_&_Co_KG;yes;;;
Ana_Luisa_Braga_da_Cruz;Ana_Luisa_Braga_da_Cruz;yes;;;
Anagram_Ltd.;Anagram_Ltd.;yes;;;
Anda_Capital_Partners_Ltd.;Anda_Capital_Partners_Ltd.;yes;;;
André_Lanata;André_Lanata;yes;;;
Andrea_Regula_Grisard;Andrea_Regula_Grisard;yes;;;
Andreas_Antenbrink;Andreas_Antenbrink;yes;;;
Andreas_Burike;Andreas_Burike;yes;;;
Andreas_Hartung_Ventures_UG_(haftungsbeschrankt);Andreas_Hartung_Ventures_UG_(haftungsbeschrankt);yes;;;
Andreas_Hoffmann;Andreas_Hoffmann;yes;;;
Andreas_Renschler;Andreas_Renschler;yes;;;
Andreessen_Horowitz_Seed_Fund_I,_L.P.;Andreessen_Horowitz_Seed_Fund_I,_L.P.;yes;;;
Andrei_Matusevich;Andrei_Matusevich;yes;;;
Anduril_Ventures_GmbH;Anduril_Ventures_GmbH;yes;;;
Angel_Invest_100,001_-!00.KG;Angel_Invest_100,001_-!00.KG;yes;;;
Angel's_Eye_|1V_GmbH_&_Co.;Angel's_Eye_|1V_GmbH_&_Co.;yes;;;
Angel's_Eye_GmbH_&_Co._KG;Angel's_Eye_GmbH_&_Co._KG;yes;;;
another.vc_GmbH;another.vc_GmbH;yes;;;
ANP_Investments_UG_AG_Charlottenbur_KG_HRB_60257_B;ANP_Investments_UG_AG_Charlottenbur_KG_HRB_60257_B;yes;;;
Anselm_Bauer_Invest_GmbH;Anselm_Bauer_Invest_GmbH;yes;;;
Ansgar_Kosakowski;Ansgar_Kosakowski;yes;;;
Anthonie_Jan_Kosten;Anthonie_Jan_Kosten;yes;;;
Antoine_Pallois;Antoine_Pallois;yes;;;
Antonio_Mesquida_Kiisters;Antonio_Mesquida_Kiisters;yes;;;
AOS_Vermégensverwaltungs_GmbH;AOS_Vermégensverwaltungs_GmbH;yes;;;
Aperitus_Limited;Aperitus_Limited;yes;;;
AQUATY_Ventures_Deutschland_GmbH;AQUATY_Ventures_Deutschland_GmbH;yes;;;
Arconsis_IT-Solutions_GmbH;Arconsis_IT-Solutions_GmbH;yes;;;
Ardhya_UG_(haftungsbeschrankt);Ardhya_UG_(haftungsbeschrankt);yes;;;
ARES_CAPITAL_ADVISERS_GmbH;ARES_CAPITAL_ADVISERS_GmbH;yes;;;
argo_Barneys_Fund_II_GmbH_&_Co._KG;argo_Barneys_Fund_II_GmbH_&_Co._KG;yes;;;
Armin_Lustig;Armin_Lustig;yes;;;
Arno_Zinke;Arno_Zinke;yes;;;
Arthur_Gerigk;Arthur_Gerigk;yes;;;
Arthur_Steinmetz_Beteiligungs-GmbH;Arthur_Steinmetz_Beteiligungs-GmbH;yes;;;
Artur_Koop;Artur_Koop;yes;;;
Artur_Pudelko;Artur_Pudelko;yes;;;
ARU_Group_GmbH;ARU_Group_GmbH;yes;;;
Ascenion_GmbH_Miinchen_AG_Miinchen;Ascenion_GmbH_Miinchen_AG_Miinchen;yes;;;
Astanor_Ventures_II_SCSp;Astanor_Ventures_II_SCSp;yes;;;
astavo_GmbH;astavo_GmbH;yes;;;
Astra_Holding_GmbH;Astra_Holding_GmbH;yes;;;
Atlantic_Food_Labs_Fund_GmbH_&_Co._KG;Atlantic_Food_Labs_Fund_GmbH_&_Co._KG;yes;;;
Atlantic_Food_Labs_Fund_I_GmbH_&_Co._KG;Atlantic_Food_Labs_Fund_I_GmbH_&_Co._KG;yes;;;
Atlantic_Food_Labs_Fund!_GmbH_&_Co._KG;Atlantic_Food_Labs_Fund!_GmbH_&_Co._KG;yes;;;
Atlantic_Food_Labs_Vintage_GmbH_&_Co._KG;Atlantic_Food_Labs_Vintage_GmbH_&_Co._KG;yes;;;
Atlantic_Food_Labs_Vintage_I_GmbH_&_Co._KG;Atlantic_Food_Labs_Vintage_I_GmbH_&_Co._KG;yes;;;
Atlantic_Labs_V_GmbH_&_Co._KG;Atlantic_Labs_V_GmbH_&_Co._KG;yes;;;
Atomico_Affiliates_Angel_Programme_LLC;Atomico_Affiliates_Angel_Programme_LLC;yes;;;
Auenland_Ventures_UG_(haftungsbeschrankt);Auenland_Ventures_UG_(haftungsbeschrankt);yes;;;
AURA_SAS;AURA_SAS;yes;;;
Aurelio_GmbH;Aurelio_GmbH;yes;;;
Aurum_Impact_Invest_GmbH;Aurum_Impact_Invest_GmbH;yes;;;
Avantgarde_Labs_Ventures_GmbH;Avantgarde_Labs_Ventures_GmbH;yes;;;
Aviad_Eyal;Aviad_Eyal;yes;;;
Avik_Holdings_UG_(haftungsbeschrankt);Avik_Holdings_UG_(haftungsbeschrankt);yes;;;
Axel_Springer_Plug_and_Play_Charlottenburg_Berlin;Axel_Springer_Plug_and_Play_Charlottenburg_Berlin;yes;;;
Axel_Springer_Porsche_AG_GmbH_&_Co._KG;Axel_Springer_Porsche_AG_GmbH_&_Co._KG;yes;;;
Axeleo_Proptech_1_FPCI_Investment-CAPITAL_SAS;Axeleo_Proptech_1_FPCI_Investment-CAPITAL_SAS;yes;;;
axion_Holding_GmbH;axion_Holding_GmbH;yes;;;
AXS_Investments_GmbH;AXS_Investments_GmbH;yes;;;
Azur_Venture_Capital_GmbH;Azur_Venture_Capital_GmbH;yes;;;
B-CT_Services_GmbH;B-CT_Services_GmbH;yes;;;
BackBone_Ventures_AG;BackBone_Ventures_AG;yes;;;
Backed_2_LP;Backed_2_LP;yes;;;
Bad_Evil_Rubber_AG;Bad_Evil_Rubber_AG;yes;;;
Baillie_Gifford_European_Growth_Trust_ple;Baillie_Gifford_European_Growth_Trust_ple;yes;;;
Barbaros_Serdar_Ozbugutu;Barbaros_Serdar_Ozbugutu;yes;;;
BASHE_Invest_UG_(haftungsbeschrankt);BASHE_Invest_UG_(haftungsbeschrankt);yes;;;
Bassam_Kharashfeh;Bassam_Kharashfeh;yes;;;
Bastian_Fisser;Bastian_Fisser;yes;;;
Bayern_Kapital_Innovationsfonds_EFRE_GmbH_&_Co._KG;Bayern_Kapital_Innovationsfonds_EFRE_GmbH_&_Co._KG;yes;;;
BCF_Weboptions_Vermégensverwaltung_GmbH;BCF_Weboptions_Vermégensverwaltung_GmbH;yes;;;
BDX_Holding_SEM_GmbH;BDX_Holding_SEM_GmbH;yes;;;
Beam_GmbH;Beam_GmbH;yes;;;
Beckort_Ventures_UG_(haftungsbeschrankt);Beckort_Ventures_UG_(haftungsbeschrankt);yes;;;
BEENDORF_GmbH_&_Co_KG_AG_Hannover;BEENDORF_GmbH_&_Co_KG_AG_Hannover;yes;;;
Begemann_Capital_GmbH;Begemann_Capital_GmbH;yes;;;
Belcarra_GmbH;Belcarra_GmbH;yes;;;
Below_One_Fund!_GmbH_&_Co._KG;Below_One_Fund!_GmbH_&_Co._KG;yes;;;
Benedikt_Schneider_Ventures_UG;Benedikt_Schneider_Ventures_UG;yes;;;
Benjamin_Drury;Benjamin_Drury;yes;;;
Benjamin_Giinther_Invest_GmbH;Benjamin_Giinther_Invest_GmbH;yes;;;
Benjamin_Gunther_Invest_GmbH;Benjamin_Gunther_Invest_GmbH;yes;;;
Benjamin_Krupop;Benjamin_Krupop;yes;;;
Bento_Ventures_GmbH_AG;Bento_Ventures_GmbH_AG;yes;;;
Benu_Ventures_GmbH;Benu_Ventures_GmbH;yes;;;
Benvision_UG_(haftungsbeschrankt);Benvision_UG_(haftungsbeschrankt);yes;;;
Bernhard_Michael_Sebastian_Kraska;Bernhard_Michael_Sebastian_Kraska;yes;;;
Bertold_Mathias_Wagner;Bertold_Mathias_Wagner;yes;;;
Beteiligungs_UG_&_Co._KG;Beteiligungs_UG_&_Co._KG;yes;;;
Bettina_Fischer_Ventures_UG_(haftungsbeschrankt);Bettina_Fischer_Ventures_UG_(haftungsbeschrankt);yes;;;
Bielau,_Stefan;Bielau,_Stefan;yes;;;
BigCityLabs_UG_(haftungsbeschrankt);BigCityLabs_UG_(haftungsbeschrankt);yes;;;
Bischof,_Thomas;Bischof,_Thomas;yes;;;
Black_Solitaire_Ventures_GmbH;Black_Solitaire_Ventures_GmbH;yes;;;
Blackbird_Internet_UG_(haftungsbeschrankt);Blackbird_Internet_UG_(haftungsbeschrankt);yes;;;
BleM56_S.C.1.;BleM56_S.C.1.;yes;;;
Bloomfield_Hills_Ventures_UG;Bloomfield_Hills_Ventures_UG;yes;;;
Blue_Impact_Ventures_UG;Blue_Impact_Ventures_UG;yes;;;
Blue_Impact_Ventures_UG_(haftungsbeschrankt);Blue_Impact_Ventures_UG_(haftungsbeschrankt);yes;;;
Blue_Unicorn_Ventures_GmbH;Blue_Unicorn_Ventures_GmbH;yes;;;
BMKurz_UG_(haftungsbeschrankt);BMKurz_UG_(haftungsbeschrankt);yes;;;
Bodenbach_Ventures_UG_(haftungsbeschrankt);Bodenbach_Ventures_UG_(haftungsbeschrankt);yes;;;
Bodo_Uebber;Bodo_Uebber;yes;;;
Boehringer_Ingelheim_Venture_Fund_GmbH;Boehringer_Ingelheim_Venture_Fund_GmbH;yes;;;
Boesch_Ventures_UG_(haftungsbeschrankt);Boesch_Ventures_UG_(haftungsbeschrankt);yes;;;
Bolando_UG_(haftungsbeschrankt);Bolando_UG_(haftungsbeschrankt);yes;;;
BONDO_Holding_GmbH;BONDO_Holding_GmbH;yes;;;
BonVenture_IV_GmbH_&_Co._KG;BonVenture_IV_GmbH_&_Co._KG;yes;;;
Booom_Capital_GmbH;Booom_Capital_GmbH;yes;;;
Booom_Growth_GmbH_&_Co._KG;Booom_Growth_GmbH_&_Co._KG;yes;;;
Boston_Venture_GmbH;Boston_Venture_GmbH;yes;;;
Braden_Ventures_UG_(haftungsbeschrankt);Braden_Ventures_UG_(haftungsbeschrankt);yes;;;
BRAINAMICS_GmbH;BRAINAMICS_GmbH;yes;;;
Bramlage_Lifesciences_GmbH;Bramlage_Lifesciences_GmbH;yes;;;
Brencon_GmbH;Brencon_GmbH;yes;;;
Brokamp_Capital_GmbH;Brokamp_Capital_GmbH;yes;;;
Brook_Alan_Bow;Brook_Alan_Bow;yes;;;
Brosch_Ventures_UG_(haftungsbeschrankt);Brosch_Ventures_UG_(haftungsbeschrankt);yes;;;
Bruce_Wallace;Bruce_Wallace;yes;;;
Bruno_Maisonnier;Bruno_Maisonnier;yes;;;
BSWGE_Investment_UG_(haftungsbeschränkt);BSWGE_Investment_UG_(haftungsbeschränkt);yes;;;
btov_Digital_Technologies_II_S.C.S.,_SICAR;btov_Digital_Technologies_II_S.C.S.,_SICAR;yes;;;
btov_Digital_Technologies_li_S.C.S.,_SICAR;btov_Digital_Technologies_li_S.C.S.,_SICAR;yes;;;
Burkardt,_Jonathan;Burkardt,_Jonathan;yes;;;
Busl_Holding_GmbH;Busl_Holding_GmbH;yes;;;
Buteo_Ventures_AG;Buteo_Ventures_AG;yes;;;
buzzjective_UG_(haftungsbeschrankt);buzzjective_UG_(haftungsbeschrankt);yes;;;
bventures_capital_GmbH;bventures_capital_GmbH;yes;;;
C+R_Bartels_Beteiligungs_GmbH;C+R_Bartels_Beteiligungs_GmbH;yes;;;
Cadenza_Capital_Management_Limited;Cadenza_Capital_Management_Limited;yes;;;
cael_Ventures_GmbH_&_Co._KG;cael_Ventures_GmbH_&_Co._KG;yes;;;
Calm_Storm_1_EuVECA_GmbH_&_Co._KG;Calm_Storm_1_EuVECA_GmbH_&_Co._KG;yes;;;
Cambridge_Ventures_UG_(haftungsbeschrankt);Cambridge_Ventures_UG_(haftungsbeschrankt);yes;;;
Cameron_James_Hepburn;Cameron_James_Hepburn;yes;;;
CAMI_Ventures_UG_(haftungsbeschrankt);CAMI_Ventures_UG_(haftungsbeschrankt);yes;;;
Can_Kaplan;Can_Kaplan;yes;;;
cannonball_invest_GmbH;cannonball_invest_GmbH;yes;;;
capacura_GmbH;capacura_GmbH;yes;;;
capacura_Holding_1_GmbH;capacura_Holding_1_GmbH;yes;;;
capacura_Holding_4_GmbH;capacura_Holding_4_GmbH;yes;;;
Capnamic_Ventures_AG_Fund_III_GmbH_&_Co._KG;Capnamic_Ventures_AG_Fund_III_GmbH_&_Co._KG;yes;;;
Capnamic_Ventures_Fund_III_GmbH_&_Co._KG;Capnamic_Ventures_Fund_III_GmbH_&_Co._KG;yes;;;
Capnamic_Ventures_Fund_Il_GmbH_&_Co._KG;Capnamic_Ventures_Fund_Il_GmbH_&_Co._KG;yes;;;
Captor_OU;Captor_OU;yes;;;
Carmine_Paolino_Holdings_UG_(haftungsbeschrankt);Carmine_Paolino_Holdings_UG_(haftungsbeschrankt);yes;;;
Casimir_Investments_UG_(haftungsbeschrankt);Casimir_Investments_UG_(haftungsbeschrankt);yes;;;
Caspar_Wahler;Caspar_Wahler;yes;;;
CBES_Ventures_UG_(haftungsbeschränkt);CBES_Ventures_UG_(haftungsbeschränkt);yes;;;
CCL_Capital_UG_50,001_—_100,000/_(haftungsbeschr;CCL_Capital_UG_50,001_—_100,000/_(haftungsbeschr;yes;;;
CCL_Ventures_1_-—_50,000_UG_(haftungsbeschr;CCL_Ventures_1_-—_50,000_UG_(haftungsbeschr;yes;;;
Cecilia_Braggiotti;Cecilia_Braggiotti;yes;;;
CEOS_UG;CEOS_UG;yes;;;
CERES_VENTURE_GmbH;CERES_VENTURE_GmbH;yes;;;
CH_Stiftung_Christian_Hilsewig_Familienstiftung;CH_Stiftung_Christian_Hilsewig_Familienstiftung;yes;;;
Charles_Songhurst;Charles_Songhurst;yes;;;
Charlotte_Detemble;Charlotte_Detemble;yes;;;
Cheptcov_Andrei;Cheptcov_Andrei;yes;;;
Cherry_Ventures_Fund_III_GmbH_&_Co._KG;Cherry_Ventures_Fund_III_GmbH_&_Co._KG;yes;;;
Cherry_Ventures_Fund_IV_GmbH_&_Co_KG;Cherry_Ventures_Fund_IV_GmbH_&_Co_KG;yes;;;
Cherry_Ventures_Fund_IV_GmbH_&_Co._KG;Cherry_Ventures_Fund_IV_GmbH_&_Co._KG;yes;;;
Christian_Dargnat;Christian_Dargnat;yes;;;
Christian_Erazo_Recalde;Christian_Erazo_Recalde;yes;;;
Christian_Felten;Christian_Felten;yes;;;
Christian_Greb_GmbH;Christian_Greb_GmbH;yes;;;
Christian_Hiilsewig_Familienstiftung;Christian_Hiilsewig_Familienstiftung;yes;;;
Christian_Orsinger;Christian_Orsinger;yes;;;
Christian_Trummer;Christian_Trummer;yes;;;
Christoph_Hansmeyer;Christoph_Hansmeyer;yes;;;
Cimexia_GmbH;Cimexia_GmbH;yes;;;
CK_Holding_UG_(haftungsbeschrankt);CK_Holding_UG_(haftungsbeschrankt);yes;;;
CKH_Beteiligungs_UG_(haftungsbeschrankt);CKH_Beteiligungs_UG_(haftungsbeschrankt);yes;;;
Climate-Tech_Fund_I,_a_series_of_Voyagers_Funds,_LP;Climate-Tech_Fund_I,_a_series_of_Voyagers_Funds,_LP;yes;;;
CMD_Invest_UG_(haftungsbeschrankt);CMD_Invest_UG_(haftungsbeschrankt);yes;;;
Combes_Ventures_UG_(haftungsbeschrankt);Combes_Ventures_UG_(haftungsbeschrankt);yes;;;
Companion-M_GmbH;Companion-M_GmbH;yes;;;
Companisto_Trust_Service_XVII_GmbH;Companisto_Trust_Service_XVII_GmbH;yes;;;
CONSER-Tech_GmbH;CONSER-Tech_GmbH;yes;;;
COre-invest_GmbH;COre-invest_GmbH;yes;;;
Courage_Companies_GmbH;Courage_Companies_GmbH;yes;;;
crc_ventures_GmbH;crc_ventures_GmbH;yes;;;
Creandum_V,_L.P;Creandum_V,_L.P;yes;;;
Creathor_Venture_Fund_IV_(SCSp)_SICAR;Creathor_Venture_Fund_IV_(SCSp)_SICAR;yes;;;
Creative_Friends_UG_(haftungsbeschrankt);Creative_Friends_UG_(haftungsbeschrankt);yes;;;
Cristobal_Conde;Cristobal_Conde;yes;;;
CrossingStripes_Geschaftsan-GmbH;CrossingStripes_Geschaftsan-GmbH;yes;;;
Cryptofinance_Web3_VC_GmbH_&_Co._KG;Cryptofinance_Web3_VC_GmbH_&_Co._KG;yes;;;
Cusp_Capital_Fund_2021_GmbH_&_Co._KG;Cusp_Capital_Fund_2021_GmbH_&_Co._KG;yes;;;
Cynthia_Wandia_Mburu;Cynthia_Wandia_Mburu;yes;;;
d.7_consult_GmbH;d.7_consult_GmbH;yes;;;
Dada_Ventures_UG_(haftungsbeschrankt);Dada_Ventures_UG_(haftungsbeschrankt);yes;;;
daloco_UG_(haftungsbeschrankt);daloco_UG_(haftungsbeschrankt);yes;;;
Dan_Kreibich_Ventures_UG_(haftungsbeschrankt);Dan_Kreibich_Ventures_UG_(haftungsbeschrankt);yes;;;
Darius_Gottert;Darius_Gottert;yes;;;
Dasr_Ventures_UG_(haftungsbeschränkt);Dasr_Ventures_UG_(haftungsbeschränkt);yes;;;
Dastore_FPCI;Dastore_FPCI;yes;;;
datavest_UG_(haftungsbeschrankt);datavest_UG_(haftungsbeschrankt);yes;;;
David_Antonio_Nothacker;David_Antonio_Nothacker;yes;;;
Dawid_Sokotowski;Dawid_Sokotowski;yes;;;
DDG_AG;DDG_AG;yes;;;
Deep_Impact_Investment_Holding_GmbH;Deep_Impact_Investment_Holding_GmbH;yes;;;
DeepGreen_Ventures_UG_(haftungsbeschrankt);DeepGreen_Ventures_UG_(haftungsbeschrankt);yes;;;
Delta_Force_AG;Delta_Force_AG;yes;;;
Dennis_Stern_Beteiligungs_UG_(haftungsbeschrankt);Dennis_Stern_Beteiligungs_UG_(haftungsbeschrankt);yes;;;
Detlef_Nowotzin;Detlef_Nowotzin;yes;;;
Deutsche_Post_Stiftung;Deutsche_Post_Stiftung;yes;;;
DG_Beteiligungs_GmbH;DG_Beteiligungs_GmbH;yes;;;
DG_Beteiligungs-GmbH;DG_Beteiligungs-GmbH;yes;;;
DG_Ventures_GmbH;DG_Ventures_GmbH;yes;;;
Dicki_GmbH;Dicki_GmbH;yes;;;
Digilist_Ventures_UG_(haftungsbeschrankt);Digilist_Ventures_UG_(haftungsbeschrankt);yes;;;
DIGITAL_HELIX_GmbH;DIGITAL_HELIX_GmbH;yes;;;
Dirk_Kummerle;Dirk_Kummerle;yes;;;
Dirk_Weinitschke;Dirk_Weinitschke;yes;;;
Discovery_Ventures_Founder_Investments_II_GmbH_&_Co._KG;Discovery_Ventures_Founder_Investments_II_GmbH_&_Co._KG;yes;;;
Discovery_Ventures_Fund_Il_GmbH_&_Co._KG;Discovery_Ventures_Fund_Il_GmbH_&_Co._KG;yes;;;
Discovery_Ventures_II]_GmbH_&_Co._KG;Discovery_Ventures_II]_GmbH_&_Co._KG;yes;;;
Discovery_Ventures_III_GmbH_&_Co._KG;Discovery_Ventures_III_GmbH_&_Co._KG;yes;;;
DK87_Ventures_UG_(haftungsbeschrankt);DK87_Ventures_UG_(haftungsbeschrankt);yes;;;
DKCI_UG_(haftungsbeschrankt);DKCI_UG_(haftungsbeschrankt);yes;;;
DM_Invest_UG_(haftungsbeschrankt);DM_Invest_UG_(haftungsbeschrankt);yes;;;
DMI_GmbH;DMI_GmbH;yes;;;
DN_Capital_-_Global_Venture_Capital_V_SCSp;DN_Capital_-_Global_Venture_Capital_V_SCSp;yes;;;
Dobby_hives_aaaialall;Dobby_hives_aaaialall;yes;;;
Dominik_Clemens_Kleine;Dominik_Clemens_Kleine;yes;;;
Doral_Energy_-_Tech_Ventures_Limited_Partnership;Doral_Energy_-_Tech_Ventures_Limited_Partnership;yes;;;
Doublethink_Ventures_UG_(haftungsbeschrankt);Doublethink_Ventures_UG_(haftungsbeschrankt);yes;;;
Dr._Alfred_Heinrich_Georg_Spieker;Dr._Alfred_Heinrich_Georg_Spieker;yes;;;
Dr._Arthur_Steinmetz;Dr._Arthur_Steinmetz;yes;;;
Dr._Axel_Wieandt;Dr._Axel_Wieandt;yes;;;
Dr._Birte_Rothkopf;Dr._Birte_Rothkopf;yes;;;
Dr._Carsten_Baumgartner;Dr._Carsten_Baumgartner;yes;;;
Dr._Christian_Glauer;Dr._Christian_Glauer;yes;;;
Dr._Christian_Scheidl;Dr._Christian_Scheidl;yes;;;
Dr._Cornelius_Walter;Dr._Cornelius_Walter;yes;;;
Dr._Daniel_Brüggemann;Dr._Daniel_Brüggemann;yes;;;
Dr._Dora_Zmuc;Dr._Dora_Zmuc;yes;;;
Dr._Gabriele_Laschinski;Dr._Gabriele_Laschinski;yes;;;
Dr._Georg_Doll;Dr._Georg_Doll;yes;;;
Dr._Georg_Friedrich_Matheis;Dr._Georg_Friedrich_Matheis;yes;;;
Dr._Jan_Kemper_GmbH;Dr._Jan_Kemper_GmbH;yes;;;
Dr._Johannes_Fleckenstein;Dr._Johannes_Fleckenstein;yes;;;
Dr._Jorg_Meyer_Beteiligungsverwaltung_GmbH;Dr._Jorg_Meyer_Beteiligungsverwaltung_GmbH;yes;;;
Dr._Jutta_Steiner;Dr._Jutta_Steiner;yes;;;
Dr._Kurch,_Markus;Dr._Kurch,_Markus;yes;;;
Dr._Markus_Nauheim;Dr._Markus_Nauheim;yes;;;
Dr._Martin_KOrneF;Dr._Martin_KOrneF;yes;;;
Dr._Matthias_Wei;Dr._Matthias_Wei;yes;;;
Dr._Reichs6llner;Dr._Reichs6llner;yes;;;
Dr._Sabri_Alamri;Dr._Sabri_Alamri;yes;;;
Dr._Sebastian_Seemann;Dr._Sebastian_Seemann;yes;;;
Dr._Stefan_Golkowsky;Dr._Stefan_Golkowsky;yes;;;
Dr._Susanne_Bettina_Maria_Weiss;Dr._Susanne_Bettina_Maria_Weiss;yes;;;
Dr._Teresa_Aurelia_Krabbe;Dr._Teresa_Aurelia_Krabbe;yes;;;
Dr._Tim_Jens_Christian_Odendahl;Dr._Tim_Jens_Christian_Odendahl;yes;;;
Dr._Tim_Kunze;Dr._Tim_Kunze;yes;;;
Dr._Tobias_Roelen-Blasberg;Dr._Tobias_Roelen-Blasberg;yes;;;
Dr.Ing._Ludger_Laufenberg;Dr.Ing._Ludger_Laufenberg;yes;;;
drei1415_ventures_UG_(haftungsbeschrankt);drei1415_ventures_UG_(haftungsbeschrankt);yes;;;
dreifff_Management_GmbH;dreifff_Management_GmbH;yes;;;
Dreyer,_Dominik;Dreyer,_Dominik;yes;;;
Druniverse_GmbH_AG_Düsseldorf;Druniverse_GmbH_AG_Düsseldorf;yes;;;
DSH_Ventures_GmbH;DSH_Ventures_GmbH;yes;;;
DSR_Ventures_GmbH;DSR_Ventures_GmbH;yes;;;
DT_Trust_GmbH;DT_Trust_GmbH;yes;;;
DTM_Deutsche_Tele_Medien_GmbH;DTM_Deutsche_Tele_Medien_GmbH;yes;;;
Ducky_Investments_UG_(haftungsbeschränkt);Ducky_Investments_UG_(haftungsbeschränkt);yes;;;
Dunstkreis_Ventures_UG;Dunstkreis_Ventures_UG;yes;;;
DV_Verwaltung_UG_(haftungsbeschrankt);DV_Verwaltung_UG_(haftungsbeschrankt);yes;;;
DVS_Holding_GmbH;DVS_Holding_GmbH;yes;;;
DWD_Holding_GmbH;DWD_Holding_GmbH;yes;;;
eastWest_Venture_Capital_GmbH;eastWest_Venture_Capital_GmbH;yes;;;
Educapital_II_FPCI;Educapital_II_FPCI;yes;;;
Einhorn_Capital_GmbH;Einhorn_Capital_GmbH;yes;;;
Eldad_Arnon_Beteiligungs_UG;Eldad_Arnon_Beteiligungs_UG;yes;;;
eleva_GmbH;eleva_GmbH;yes;;;
Eleven_Eleven_Foundation;Eleven_Eleven_Foundation;yes;;;
Elkstone_Ventures_Limited;Elkstone_Ventures_Limited;yes;;;
ELYDEN_Capital_UG_(haftungsbeschrankt);ELYDEN_Capital_UG_(haftungsbeschrankt);yes;;;
Elysara_SPRL;Elysara_SPRL;yes;;;
Emerge_Venture_Partners_|_LP;Emerge_Venture_Partners_|_LP;yes;;;
EMERGE_VENTURE_PARTNERS_LP;EMERGE_VENTURE_PARTNERS_LP;yes;;;
engitygmbh;engitygmbh;yes;;;
ENKRAFT_VENTURE.partners_AG;ENKRAFT_VENTURE.partners_AG;yes;;;
ENPAL_B.V.;ENPAL_B.V.;yes;;;
Entrada_Ventures_II_B,_LLC;Entrada_Ventures_II_B,_LLC;yes;;;
Entrepreneur_First_(Global)_L.P.;ENTREPRENEUR_FIRST_(GLOBAL)_L.P.;yes;;;
ENTREPRENEUR_FIRST_(GLOBAL)_L.P.;Entrepreneur_First_(Global)_L.P.;yes;;;
Entrepreneur_First_Operations_Limited;Entrepreneur_First_Operations_Limited;yes;;;
Entrix_GmbH;Entrix_GmbH;yes;;;
eNugget_Ventures_UG_(haftungsbeschrankt);eNugget_Ventures_UG_(haftungsbeschrankt);yes;;;
EP_Ventures_UG;EP_Ventures_UG;yes;;;
epublica_GmbH;epublica_GmbH;yes;;;
EQT_Ventures_III_S.4_r.J._SICAF-RAIF;EQT_Ventures_III_S.4_r.J._SICAF-RAIF;yes;;;
EQT_Ventures_lI_S.a_r.l._SICAF-RAIF;EQT_Ventures_lI_S.a_r.l._SICAF-RAIF;yes;;;
Equinix_(Netherlands)_Holdings_B.V.;Equinix_(Netherlands)_Holdings_B.V.;yes;;;
Equinix,_Inc.;Equinix,_Inc.;yes;;;
Erich_Wilhelm_Markwart;Erich_Wilhelm_Markwart;yes;;;
Esprit_Nominees_Limited;Esprit_Nominees_Limited;yes;;;
Esrae_Khalawi_Alolaya;Esrae_Khalawi_Alolaya;yes;;;
EuVECA_GmbH_&_Co._KG;EuVECA_GmbH_&_Co._KG;yes;;;
Extantia_Climate_Flagship_II_GmbH_&_Co._KG;Extantia_Climate_Flagship_II_GmbH_&_Co._KG;yes;;;
Eyiny_Ventures_AS;Eyiny_Ventures_AS;yes;;;
Eyser_GmbH;Eyser_GmbH;yes;;;
F-LOG_Ventures_GmbH_&_Co.KG;F-LOG_Ventures_GmbH_&_Co.KG;yes;;;
F.R._Roehder_GmbH;F.R._Roehder_GmbH;yes;;;
F23-_Vorrats-;F23-_Vorrats-;yes;;;
F4_GmbH;F4_GmbH;yes;;;
Faber_Blue_Pioneers_I,_FCR;Faber_Blue_Pioneers_I,_FCR;yes;;;
Fabric_Ventures_Fund_2021_SCSp;Fabric_Ventures_Fund_2021_SCSp;yes;;;
Fahning_Ventures_UG_(haftungsbeschrankt);Fahning_Ventures_UG_(haftungsbeschrankt);yes;;;
Fahrhaus_Equity_Invest_AG_GmbH;Fahrhaus_Equity_Invest_AG_GmbH;yes;;;
Fairmentable_Futures_UG;Fairmentable_Futures_UG;yes;;;
Faster_Future_GmbH_&_Co._KG;Faster_Future_GmbH_&_Co._KG;yes;;;
FCPI_Capital_Invest_PME_2019;FCPI_Capital_Invest_PME_2019;yes;;;
FCPI_Capital_Invest_PME_2020;FCPI_Capital_Invest_PME_2020;yes;;;
FCPI_Capital_Invest_PME_2021;FCPI_Capital_Invest_PME_2021;yes;;;
FD_Invest_GmbH;FD_Invest_GmbH;yes;;;
FE_Capital_GmbH;FE_Capital_GmbH;yes;;;
Fear_of_Missing_Out_AB;Fear_of_Missing_Out_AB;yes;;;
Felipe_Fernandez;Felipe_Fernandez;yes;;;
Felipe_Navio_Garcia;Felipe_Navio_Garcia;yes;;;
Felix_Nensa;Felix_Nensa;yes;;;
Feng_Ventures;Feng_Ventures;yes;;;
FF_Energy_Vertures_UG_(haftungsbeschrankt);FF_Energy_Vertures_UG_(haftungsbeschrankt);yes;;;
FF_Fermentation_Farming_Co-Invest_GmbH_&_Co._KG;FF_Fermentation_Farming_Co-Invest_GmbH_&_Co._KG;yes;;;
FF_Ventures_UG_(haftungsbeschrankt);FF_Ventures_UG_(haftungsbeschrankt);yes;;;
Fieg_Holding_AG;Fieg_Holding_AG;yes;;;
Fieg_Holding_UG_(haftungsbeschrankt);Fieg_Holding_UG_(haftungsbeschrankt);yes;;;
Fiete_Griimter_Holding_UG;Fiete_Griimter_Holding_UG;yes;;;
Fin_VC_Regatta_I,_LP;Fin_VC_Regatta_I,_LP;yes;;;
Findigs_GmbH;Findigs_GmbH;yes;;;
Fines_Holding_GmbH;Fines_Holding_GmbH;yes;;;
Finjo_Venture_UG_(haftungsbeschrankt);Finjo_Venture_UG_(haftungsbeschrankt);yes;;;
Finn_Gaida_Holding_UG_(haftungsbeschrankt);Finn_Gaida_Holding_UG_(haftungsbeschrankt);yes;;;
Finparx_Holding_GmbH;Finparx_Holding_GmbH;yes;;;
FinTech_Collective_Fund_III_LP;FinTech_Collective_Fund_III_LP;yes;;;
FIRST_IMAGINE_GAMMA_LTD;FIRST_IMAGINE_GAMMA_LTD;yes;;;
First_Momentum_Ventures_Fund_II_GmbH_&_Co._KG;First_Momentum_Ventures_Fund_II_GmbH_&_Co._KG;yes;;;
FitzFuture-Ventures_UG_(haftungsbeschrankt);FitzFuture-Ventures_UG_(haftungsbeschrankt);yes;;;
FJ_Labs_Entrepreneurs_Fund_2022,_eine_Serie_von_FJ_Labs_Funds,_LP;FJ_Labs_Entrepreneurs_Fund_2022,_eine_Serie_von_FJ_Labs_Funds,_LP;yes;;;
FJ_Labs_Ill,_LP;FJ_Labs_Ill,_LP;yes;;;
FJF_Beteiligungs_GmbH;FJF_Beteiligungs_GmbH;yes;;;
Flash_Ventures_GmbH;Flash_Ventures_GmbH;yes;;;
Flash_Ventures_Management_Pool_SCSp;Flash_Ventures_Management_Pool_SCSp;yes;;;
Fleetblick_Ventures_UG_(haftungsbeschrankt);Fleetblick_Ventures_UG_(haftungsbeschrankt);yes;;;
flonkings_search_GmbH;flonkings_search_GmbH;yes;;;
Florian_Hoppe_GmbH_Berlin_AG_Charlottenburg;Florian_Hoppe_GmbH_Berlin_AG_Charlottenburg;yes;;;
Florian_Huber_Beteiligungen_GmbH;Florian_Huber_Beteiligungen_GmbH;yes;;;
Florian_Kimper;Florian_Kimper;yes;;;
Florian_Senoner_Ventures_UG;Florian_Senoner_Ventures_UG;yes;;;
Florian_Theimer;Florian_Theimer;yes;;;
Fluss_des_Lebens_GmbH;Fluss_des_Lebens_GmbH;yes;;;
Foncon_V_Strategic;Foncon_V_Strategic;yes;;;
Fonds_Ill_GmbH_&_Co._KG;Fonds_Ill_GmbH_&_Co._KG;yes;;;
Force_Ventures_[V_UG_(haftungsbeschrankt);Force_Ventures_[V_UG_(haftungsbeschrankt);yes;;;
Founders_First_Capital_GmbH;Founders_First_Capital_GmbH;yes;;;
FPCI_Omnes_Real_Tech;FPCI_Omnes_Real_Tech;yes;;;
Fractal_Ventures_UG;Fractal_Ventures_UG;yes;;;
Francesco_Stortini;Francesco_Stortini;yes;;;
Frank_Thomas_Trinkaus;Frank_Thomas_Trinkaus;yes;;;
Franz_Christopher_Kranzler;Franz_Christopher_Kranzler;yes;;;
Franziska_Steiner_Ventures_UG_(haftungsbeschrankt);Franziska_Steiner_Ventures_UG_(haftungsbeschrankt);yes;;;
Fraser_&_Company_GmbH;Fraser_&_Company_GmbH;yes;;;
Fraunhofer_Technologie-Transfer_Fonds_(FTTF)_GmbH;Fraunhofer_Technologie-Transfer_Fonds_(FTTF)_GmbH;yes;;;
Fricke_Beteiligungs-gesellschaft_mbH;Fricke_Beteiligungs-gesellschaft_mbH;yes;;;
Friedel_Healthcare_Consulting_GmbH;Friedel_Healthcare_Consulting_GmbH;yes;;;
Friends_and_Family_Beteiligungsgesellschaft_mbH;Friends_and_Family_Beteiligungsgesellschaft_mbH;yes;;;
Fritz_&_Co._SPRL;Fritz_&_Co._SPRL;yes;;;
Fritz_Christoph_Listmann;Fritz_Christoph_Listmann;yes;;;
fropsy_ventures_UG_(haftungsbeschrankt);fropsy_ventures_UG_(haftungsbeschrankt);yes;;;
FTW_Capital_GmbH;FTW_Capital_GmbH;yes;;;
Fufu_Ventures_UG_(haftungsbeschrankt);Fufu_Ventures_UG_(haftungsbeschrankt);yes;;;
Fund_I,_a_series_(legally_segregated_fund_under_Delaware_law)_of_Nomad_Capital_VC,_LP;Fund_I,_a_series_(legally_segregated_fund_under_Delaware_law)_of_Nomad_Capital_VC,_LP;yes;;;
Fund_I,_a_series_of_Nomad_Capital_VC,_LP;Fund_I,_a_series_of_Nomad_Capital_VC,_LP;yes;;;
FundX_GmbH;FundX_GmbH;yes;;;
FYS_Ventures_UG_(haftungsbeschrankt);FYS_Ventures_UG_(haftungsbeschrankt);yes;;;
G-Fund_Invest_|_GmbH_&_Co._KG;G-Fund_Invest_|_GmbH_&_Co._KG;yes;;;
Gabor_Cselle;Gabor_Cselle;yes;;;
Gaibian_GmbH;Gaibian_GmbH;yes;;;
Gary_Michael_Beasley;Gary_Michael_Beasley;yes;;;
Gaschler_Ventures_UG_(haftungsbeschrankt);Gaschler_Ventures_UG_(haftungsbeschrankt);yes;;;
Gasper_Beteiligungsgesellschaft_UG_(haftungsbeschrankt);Gasper_Beteiligungsgesellschaft_UG_(haftungsbeschrankt);yes;;;
Gauselmann_AG;Gauselmann_AG;yes;;;
GBS_Investments_UG_(haftungsbeschrankt);GBS_Investments_UG_(haftungsbeschrankt);yes;;;
GE_Verwaltungs-GmbH;GE_Verwaltungs-GmbH;yes;;;
Geissini_Ventures_UG_(haftungsbeschrankt);Geissini_Ventures_UG_(haftungsbeschrankt);yes;;;
Gekko_Ventures_GmbH;Gekko_Ventures_GmbH;yes;;;
General_Catalyst_Group_XI_—_Ignition,_L.P.;General_Catalyst_Group_XI_—_Ignition,_L.P.;yes;;;
Geodesic_S.A.S.;Geodesic_S.A.S.;yes;;;
Georg_Schieren_UG_(haftungsbeschrankt);Georg_Schieren_UG_(haftungsbeschrankt);yes;;;
Gerrit_Jörg_Arends;Gerrit_Jörg_Arends;yes;;;
Gesamt_Lino_Teuteberg_GmbH;Gesamt_Lino_Teuteberg_GmbH;yes;;;
Gesellschaft_UG_(haftungsbeschrankt);Gesellschaft_UG_(haftungsbeschrankt);yes;;;
GFC_Global_Founders_Capital_GmbH;GFC_Global_Founders_Capital_GmbH;yes;;;
Gienanth_GmbH_AG;Gienanth_GmbH_AG;yes;;;
Giesecke_Management_UG_(haftungsbeschrankt)_&_Co._KG;Giesecke_Management_UG_(haftungsbeschrankt)_&_Co._KG;yes;;;
Gigga_UG_(haftungsbeschrankt);Gigga_UG_(haftungsbeschrankt);yes;;;
Gingo_UG_(haftungsbeschrankt);Gingo_UG_(haftungsbeschrankt);yes;;;
Giovanni_Mita;Giovanni_Mita;yes;;;
Gipfelgliick_GmbH;Gipfelgliick_GmbH;yes;;;
Glasmacher,_Nikolaus;Glasmacher,_Nikolaus;yes;;;
Gloria_Consuelo_Quintanilla-Egner;Gloria_Consuelo_Quintanilla-Egner;yes;;;
Gnabry,_Serge_David;Gnabry,_Serge_David;yes;;;
GO_Ventures_GmbH;GO_Ventures_GmbH;yes;;;
GOA_Capital_GmbH_Berlin_AG_Charlottenburg;GOA_Capital_GmbH_Berlin_AG_Charlottenburg;yes;;;
Goce_Staleski;Goce_Staleski;yes;;;
GoJo_GmbH;GoJo_GmbH;yes;;;
GOLD_ROAD_CAPITAL_PARTNERS_LP;GOLD_ROAD_CAPITAL_PARTNERS_LP;yes;;;
Goldfinger_Investment_Holding_GmbH;Goldfinger_Investment_Holding_GmbH;yes;;;
Golditchuk_Ventures_UG;Golditchuk_Ventures_UG;yes;;;
Good_Vibe_Ventures_UG;Good_Vibe_Ventures_UG;yes;;;
GR_Growth_SPC_Cayman_Twiande;GR_Growth_SPC_Cayman_Twiande;yes;;;
Grafelfing;Grafelfing;yes;;;
Grand_Cayman;Grand_Cayman;yes;;;
greatness_UG_(haftungsbeschr\u00e4nkt);greatness_UG_(haftungsbeschr\u00e4nkt);yes;;;
Greemundo_Capital_GmbH;Greemundo_Capital_GmbH;yes;;;
Green_Doostdar_Solutions_UG;Green_Doostdar_Solutions_UG;yes;;;
Greenlight_Reinsurance,_Ltd.;Greenlight_Reinsurance,_Ltd.;yes;;;
greenmetz_ventures_UG_(haftungsbeschrankt);greenmetz_ventures_UG_(haftungsbeschrankt);yes;;;
Gregor_Noczinski;Gregor_Noczinski;yes;;;
Gregor_Weber;Gregor_Weber;yes;;;
GRENKE_BANK_AG;GRENKE_BANK_AG;yes;;;
Grunwald,_Landkreis_Miinchen_/_Griinwald,_District_Mu-_n;Grunwald,_Landkreis_Miinchen_/_Griinwald,_District_Mu-_n;yes;;;
GSN3_GmbH;GSN3_GmbH;yes;;;
Gudorf_Holdings_UG_(haftungsbeschrankt);Gudorf_Holdings_UG_(haftungsbeschrankt);yes;;;
Guido_Wolff;Guido_Wolff;yes;;;
Guillaume_Cabane;Guillaume_Cabane;yes;;;
Gunnar_Quedens;Gunnar_Quedens;yes;;;
GV_Avente_LLC;GV_Avente_LLC;yes;;;
Gyri_Ventures_UG_(haftungsbeschrankt);Gyri_Ventures_UG_(haftungsbeschrankt);yes;;;
Héléne_Huby;Héléne_Huby;yes;;;
H14_S.p.A.;H14_S.p.A.;yes;;;
H2_-_Investments_GmbH_AG;H2_-_Investments_GmbH_AG;yes;;;
H23_Invest_UG_(haftungsbeschrankt);H23_Invest_UG_(haftungsbeschrankt);yes;;;
H6ppner_Life_Sciences_Berlin_AG_Charlottenburg;H6ppner_Life_Sciences_Berlin_AG_Charlottenburg;yes;;;
Habert_Dassault_Finance_SAS;Habert_Dassault_Finance_SAS;yes;;;
Halama_Ventures_UG_(haftungsbeschrankt);Halama_Ventures_UG_(haftungsbeschrankt);yes;;;
Hammer_Biom_KG_Berlin_AG_Charlottenburg;Hammer_Biom_KG_Berlin_AG_Charlottenburg;yes;;;
Hanse_Ventures_BS]_GmbH;Hanse_Ventures_BS]_GmbH;yes;;;
Happact_I-59_Limited;Happact_I-59_Limited;yes;;;
Haseltown_Ventures_UG_(haftungsbeschrankt);Haseltown_Ventures_UG_(haftungsbeschrankt);yes;;;
Haufe_Group_Ventures_GmbH;Haufe_Group_Ventures_GmbH;yes;;;
hBMg_GmbH;hBMg_GmbH;yes;;;
Heidelventure_GmbH;Heidelventure_GmbH;yes;;;
Heinrich_Johannes_Martin_Anger;Heinrich_Johannes_Martin_Anger;yes;;;
Helen_Oy;Helen_Oy;yes;;;
Hellenthunde_GmbH;Hellenthunde_GmbH;yes;;;
Helmut_Ludwig_Bayer;Helmut_Ludwig_Bayer;yes;;;
Herbert_Wientapper;Herbert_Wientapper;yes;;;
here_UG;here_UG;yes;;;
Herr_Ajay_Prashanth_Narasaraju_Gajendraraju;Herr_Ajay_Prashanth_Narasaraju_Gajendraraju;yes;;;
Herr_Aleksandar_Buha;Herr_Aleksandar_Buha;yes;;;
Herr_Alexander_Genzel;Herr_Alexander_Genzel;yes;;;
Herr_Antonius_Vollebregt;Herr_Antonius_Vollebregt;yes;;;
Herr_Armin_Moin;Herr_Armin_Moin;yes;;;
Herr_Ashok_Varadharajan;Herr_Ashok_Varadharajan;yes;;;
Herr_Daniel_Mahler;Herr_Daniel_Mahler;yes;;;
Herr_Dr._Andreas_Daniel_Oldenbourg;Herr_Dr._Andreas_Daniel_Oldenbourg;yes;;;
Herr_Dr._Andreas_Uhlig;Herr_Dr._Andreas_Uhlig;yes;;;
Herr_Dr._Martin_Hecker;Herr_Dr._Martin_Hecker;yes;;;
Herr_Dr._Matthias_Berger;Herr_Dr._Matthias_Berger;yes;;;
Herr_Eugen_Wachtel;Herr_Eugen_Wachtel;yes;;;
Herr_Gopi_Kannappan;Herr_Gopi_Kannappan;yes;;;
Herr_Hans-Jérg_Esswein;Herr_Hans-Jérg_Esswein;yes;;;
Herr_Jonah_Schr\u00e9der;Herr_Jonah_Schr\u00e9der;yes;;;
Herr_Julian_Charisius;Herr_Julian_Charisius;yes;;;
Herr_Julian_Su&mann;Herr_Julian_Su&mann;yes;;;
Herr_Kurt_Schoffer;Herr_Kurt_Schoffer;yes;;;
Herr_Lieven_Hauspie;Herr_Lieven_Hauspie;yes;;;
Herr_Manfred_Zwicker;Herr_Manfred_Zwicker;yes;;;
Herr_Martin_Thoma;Herr_Martin_Thoma;yes;;;
Herr_Maurice_Schweitzer;Herr_Maurice_Schweitzer;yes;;;
Herr_Nick_Koldehoff;Herr_Nick_Koldehoff;yes;;;
Herr_Nick_Zumbuhl;Herr_Nick_Zumbuhl;yes;;;
Herr_Nicolas_Christoph_Somogyi;Herr_Nicolas_Christoph_Somogyi;yes;;;
Herr_Prof._Dr._Stephan_GUnnemann;Herr_Prof._Dr._Stephan_GUnnemann;yes;;;
Herr_Saravanan_Jaichandaran;Herr_Saravanan_Jaichandaran;yes;;;
Herr_Stephan_Mahlow;Herr_Stephan_Mahlow;yes;;;
Herr_Thomas_Drissner;Herr_Thomas_Drissner;yes;;;
Herr_Tobias_Mehrer;Herr_Tobias_Mehrer;yes;;;
Herr_Vasile_Andrei_Mituca;Herr_Vasile_Andrei_Mituca;yes;;;
Herr_Vijay_Pravin_Maharajan;Herr_Vijay_Pravin_Maharajan;yes;;;
Herr_Walter_Ballheimer;Herr_Walter_Ballheimer;yes;;;
Herrero_Investments_UG;Herrero_Investments_UG;yes;;;
Hessen_Kapital_III_(EFRE)_GmbH;Hessen_Kapital_III_(EFRE)_GmbH;yes;;;
Hesta_AG;Hesta_AG;yes;;;
Hetzel_Ventures_UG_(haftungsbeschrankt);Hetzel_Ventures_UG_(haftungsbeschrankt);yes;;;
HFO_GmbH;HFO_GmbH;yes;;;
HIAF_GmbH;HIAF_GmbH;yes;;;
High-Tech_Gründerfonds_IV_GmbH_&_Co._KG;High-Tech_Gründerfonds_IV_GmbH_&_Co._KG;yes;;;
High-Tech_Griinderfonds_IV_GmbH_&_Co._KG;High-Tech_Griinderfonds_IV_GmbH_&_Co._KG;yes;;;
Hillebrandt_Holding_UG_(haftungsbeschrankt);Hillebrandt_Holding_UG_(haftungsbeschrankt);yes;;;
Hilmar_Arnholdt;Hilmar_Arnholdt;yes;;;
HN_Business_Concepts_GmbH;HN_Business_Concepts_GmbH;yes;;;
Hohenstein_Laboratories_GmbH_&_Co._KG;Hohenstein_Laboratories_GmbH_&_Co._KG;yes;;;
Horeca_Digital_System_GmbH;Horeca_Digital_System_GmbH;yes;;;
Horeyseck_Ventures_UG_(haftungsbeschrankt);Horeyseck_Ventures_UG_(haftungsbeschrankt);yes;;;
Hosni_Ventures_UG_AG;Hosni_Ventures_UG_AG;yes;;;
Howzat_Growth_SCSP;Howzat_Growth_SCSP;yes;;;
HS_Investments_III_Limited;HS_Investments_III_Limited;yes;;;
Hufnagel_SPE_UG_(haftungsbeschrankt);Hufnagel_SPE_UG_(haftungsbeschrankt);yes;;;
Hugo_Suidman;Hugo_Suidman;yes;;;
Humboldt_Ventures_LLC;Humboldt_Ventures_LLC;yes;;;
Husain_Misherghi;Husain_Misherghi;yes;;;
HV_Capital_Fund_7_COIF_GmbH_&_Co._geschlossene_Investment_KG;HV_Capital_Fund_7_COIF_GmbH_&_Co._geschlossene_Investment_KG;yes;;;
HV_Growth_Fund_GmbH_&_Co._KG;HV_Growth_Fund_GmbH_&_Co._KG;yes;;;
HV_Holtzbrinck_Ventures_Fund_VII_GmbH_&_Co._geschlossene_Investment_KG;HV_Holtzbrinck_Ventures_Fund_VII_GmbH_&_Co._geschlossene_Investment_KG;yes;;;
HV_Holtzbrinck_Ventures_Fund_VII_GmbH_&_Co._KG;HV_Holtzbrinck_Ventures_Fund_VII_GmbH_&_Co._KG;yes;;;
HV_Holtzbrinck_Ventures_Fund_VIII_GmbH_&_Co._geschlossene_Investment_KG;HV_Holtzbrinck_Ventures_Fund_VIII_GmbH_&_Co._geschlossene_Investment_KG;yes;;;
HW_Capital_GmbH;HW_Capital_GmbH;yes;;;
IBG_Risikokapitalfonds_IIl_GmbH_&_Co._KG;IBG_Risikokapitalfonds_IIl_GmbH_&_Co._KG;yes;;;
ICONIC_Ventures_GmbH;ICONIC_Ventures_GmbH;yes;;;
IL_Pareto_UG_(haftungsbeschrankt);IL_Pareto_UG_(haftungsbeschrankt);yes;;;
Ilona_Pudelko;Ilona_Pudelko;yes;;;
Incklusion_Ventures_UG;Incklusion_Ventures_UG;yes;;;
Independent_Data_Lab_UG;Independent_Data_Lab_UG;yes;;;
Indigo8_GmbH;Indigo8_GmbH;yes;;;
Ines_Streimelweger;Ines_Streimelweger;yes;;;
Inflection_Mercury_Fund_LP;Inflection_Mercury_Fund_LP;yes;;;
Innformance_Funds_-_PE_Capital_III_Furstentum;Innformance_Funds_-_PE_Capital_III_Furstentum;yes;;;
Integra_GmbH;Integra_GmbH;yes;;;
Interface_Capital_GmbH_&_Co._KG;Interface_Capital_GmbH_&_Co._KG;yes;;;
inventhie_GmbH;inventhie_GmbH;yes;;;
Ionlion_Entertainment_GmbH;Ionlion_Entertainment_GmbH;yes;;;
Ithaca_2_S.r.l.;Ithaca_2_S.r.l.;yes;;;
Ithaca_3_s.r.l.;Ithaca_3_s.r.l.;yes;;;
Ivor_van_Dartel;Ivor_van_Dartel;yes;;;
Izzat_Holdings_Ltd.;Izzat_Holdings_Ltd.;yes;;;
J._Cornelius_GmbH;J._Cornelius_GmbH;yes;;;
J7B5_Investments_UG_(haftungsbeschrankt);J7B5_Investments_UG_(haftungsbeschrankt);yes;;;
JA27_holding_UG_(haftungsbeschrankt);JA27_holding_UG_(haftungsbeschrankt);yes;;;
Jakob_Stein;Jakob_Stein;yes;;;
Jan_Arne_Tegtmeier;Jan_Arne_Tegtmeier;yes;;;
Jauch,_Mathias;Jauch,_Mathias;yes;;;
Jaworski_E-FARM_UG;Jaworski_E-FARM_UG;yes;;;
JB_Industries_UG_(haftungsbeschrankt);JB_Industries_UG_(haftungsbeschrankt);yes;;;
JCB_Verwaltungs_GmbH;JCB_Verwaltungs_GmbH;yes;;;
JCS_Beteiligungs_GmbH;JCS_Beteiligungs_GmbH;yes;;;
JCS_Beteiligungs-GmbH;JCS_Beteiligungs-GmbH;yes;;;
JD_Invest_&_Advisory_GmbH;JD_Invest_&_Advisory_GmbH;yes;;;
jel_Wohrle_Holding_UG_(haftungsbeschrankt);jel_Wohrle_Holding_UG_(haftungsbeschrankt);yes;;;
jel_Woo_Ventures_UG_(haftungsbeschrankt);jel_Woo_Ventures_UG_(haftungsbeschrankt);yes;;;
Jentzsch_Investment_GmbH;Jentzsch_Investment_GmbH;yes;;;
Jesus_Antonio_Esteve_Cortes;Jesus_Antonio_Esteve_Cortes;yes;;;
Jethro_Capital_S.a_r.l._9,_et_des_Sociétés;Jethro_Capital_S.a_r.l._9,_et_des_Sociétés;yes;;;
Jiinger_Invest_UG;Jiinger_Invest_UG;yes;;;
Jiirgen_Eckel;Jiirgen_Eckel;yes;;;
JJL_Invest_UG_(haftungsbeschrankt);JJL_Invest_UG_(haftungsbeschrankt);yes;;;
JK_Beteiligungs_GmbH;JK_Beteiligungs_GmbH;yes;;;
JoeKa_UG_(haftungsbeschrankt);JoeKa_UG_(haftungsbeschrankt);yes;;;
Johannes_Menelaus_Ruopp;Johannes_Menelaus_Ruopp;yes;;;
Johannes_Reijneveld;Johannes_Reijneveld;yes;;;
Johannes_Zeiher_Holding_UG_(haftungsbeschrankt);Johannes_Zeiher_Holding_UG_(haftungsbeschrankt);yes;;;
Jonas_Jager_Ventures_UG;Jonas_Jager_Ventures_UG;yes;;;
Joro_GmbH;Joro_GmbH;yes;;;
Joseph_Neil_Bearden;Joseph_Neil_Bearden;yes;;;
JP_Lutze_Holding_UG_(haftungsbeschrankt);JP_Lutze_Holding_UG_(haftungsbeschrankt);yes;;;
JPM_Silicon_GmbH;JPM_Silicon_GmbH;yes;;;
JS_Durian_Ventures_UG;JS_Durian_Ventures_UG;yes;;;
JS_Invest_UG_(haftungsbeschrankt);JS_Invest_UG_(haftungsbeschrankt);yes;;;
Julia_Westermann_UG_(haftungsbeschrankt);Julia_Westermann_UG_(haftungsbeschrankt);yes;;;
Julian_Albert;Julian_Albert;yes;;;
Julian_Prigl;Julian_Prigl;yes;;;
Julius_Kurt_Kohler;Julius_Kurt_Kohler;yes;;;
July_Fund_22_GmbH_&_Co._KG;July_Fund_22_GmbH_&_Co._KG;yes;;;
June_Fund_17_GmbH_&_Co._KG;June_Fund_17_GmbH_&_Co._KG;yes;;;
Juwel_225._V_V_GmbH;Juwel_225._V_V_GmbH;yes;;;
JW_Energy_Vertures_UG_(haftungsbeschrankt);JW_Energy_Vertures_UG_(haftungsbeschrankt);yes;;;
K16-Boxwood_UG_(haftungsbeschränkt);K16-Boxwood_UG_(haftungsbeschränkt);yes;;;
K16-Boxwood_UG_(haftungsbeschrankt);K16-Boxwood_UG_(haftungsbeschrankt);yes;;;
K4_Beteiligungsgesellschaft_GmbH;K4_Beteiligungsgesellschaft_GmbH;yes;;;
K41_GmbH;K41_GmbH;yes;;;
Kai_Eric_Wientapper;Kai_Eric_Wientapper;yes;;;
Kairem_Beteiligungs-GmbH_Sylt_OT_Keitum;Kairem_Beteiligungs-GmbH_Sylt_OT_Keitum;yes;;;
Kameam_UG_(haftangsbesehrinkt);Kameam_UG_(haftangsbesehrinkt);yes;;;
Kammerath_Technology;Kammerath_Technology;yes;;;
Karim_Ganem;Karim_Ganem;yes;;;
Karlsruher_Institut_fiir_Technologie;Karlsruher_Institut_fiir_Technologie;yes;;;
Katapult_Seed_Fund_1_AS_F;Katapult_Seed_Fund_1_AS_F;yes;;;
Kawar_Ventures_Co_(LLC);Kawar_Ventures_Co_(LLC);yes;;;
Kay_Brosien;Kay_Brosien;yes;;;
Keith_Sauvant;Keith_Sauvant;yes;;;
Kerimcan_Oral;Kerimcan_Oral;yes;;;
Kerstin_Heike_von_Diemar;Kerstin_Heike_von_Diemar;yes;;;
Kichniawy_+_Partner_Wirtschaftsberatungsges._mbH;Kichniawy_+_Partner_Wirtschaftsberatungsges._mbH;yes;;;
Kiehne_Media_UG_(haftungsbeschrankt);Kiehne_Media_UG_(haftungsbeschrankt);yes;;;
kimico_UG;kimico_UG;yes;;;
Kleinschulz_Invest_UG_(haftungsbeschrankt);Kleinschulz_Invest_UG_(haftungsbeschrankt);yes;;;
KM_Investments_UG_(haftungsbeschrankt);KM_Investments_UG_(haftungsbeschrankt);yes;;;
Knowunity_GmbH;Knowunity_GmbH;yes;;;
KO_Beteiligungs_UG_(haftungsbeschrankt);KO_Beteiligungs_UG_(haftungsbeschrankt);yes;;;
KO_Hamilton_UG_(haftungsbeschrankt);KO_Hamilton_UG_(haftungsbeschrankt);yes;;;
Kokolores_Ventures_UG_Mannheim;Kokolores_Ventures_UG_Mannheim;yes;;;
Konermann_&_Partner_GmbH;Konermann_&_Partner_GmbH;yes;;;
Konig_Consulting_UG_(haftungsbeschrankt);Konig_Consulting_UG_(haftungsbeschrankt);yes;;;
KP_Ventures_ApS;KP_Ventures_ApS;yes;;;
KRAFTWERK.ventures_AG;KRAFTWERK.ventures_AG;yes;;;
Kroth_Ventures_GmbH;Kroth_Ventures_GmbH;yes;;;
Kuhnhold_Ventures_UG;Kuhnhold_Ventures_UG;yes;;;
Kupke_GmbH;Kupke_GmbH;yes;;;
Kurz_Ventures_GmbH;Kurz_Ventures_GmbH;yes;;;
Kyrylo_Bigay;Kyrylo_Bigay;yes;;;
L7_Ventures_UG_(haftungsbeschrankt);L7_Ventures_UG_(haftungsbeschrankt);yes;;;
La_Famiglia_Fonds!_GmbH_&_Co._KG;La_Famiglia_Fonds!_GmbH_&_Co._KG;yes;;;
La_Plata_GmbH;La_Plata_GmbH;yes;;;
Lake_Ammer_Ventures_GmbH;Lake_Ammer_Ventures_GmbH;yes;;;
Lakestar_Growth_L.P.;Lakestar_Growth_L.P.;yes;;;
Lapaero_GmbH;Lapaero_GmbH;yes;;;
Lars_Lohie;Lars_Lohie;yes;;;
Lata_Venture_GmbH;Lata_Venture_GmbH;yes;;;
Laura_Kunze;Laura_Kunze;yes;;;
Laurin_Hainy;Laurin_Hainy;yes;;;
Lear_Javiv;Lear_Javiv;yes;;;
lengoo_GmbH;lengoo_GmbH;yes;;;
Levent_Altunel;Levent_Altunel;yes;;;
LFBG1_AG_Karlsruhe;LFBG1_AG_Karlsruhe;yes;;;
LFBGI1_Beteiligungsgesellschaft_mbH;LFBGI1_Beteiligungsgesellschaft_mbH;yes;;;
LFE_Technology_UG;LFE_Technology_UG;yes;;;
Lightfield_Equity_GmbH_&_Co._KG;Lightfield_Equity_GmbH_&_Co._KG;yes;;;
Lightspeed_Frontier_I-E_L.P.;Lightspeed_Frontier_I-E_L.P.;yes;;;
Lightspeed_Frontier_I-M_L.P.;Lightspeed_Frontier_I-M_L.P.;yes;;;
Lightspeed_Frontier_I-N_L.P.;Lightspeed_Frontier_I-N_L.P.;yes;;;
Lightspeed_Frontier_I-S_L.P.;Lightspeed_Frontier_I-S_L.P.;yes;;;
Lightspeed_Venture_Partners_XIV-A_(Inception),_L.P.;Lightspeed_Venture_Partners_XIV-A_(Inception),_L.P.;yes;;;
Lima_Investments_UG;Lima_Investments_UG;yes;;;
Lino_GmbH;Lino_GmbH;yes;;;
LionCorn_Capital_GmbH;LionCorn_Capital_GmbH;yes;;;
Litten_Investments_Ltd.;Litten_Investments_Ltd.;yes;;;
Liya_Magdeeva;Liya_Magdeeva;yes;;;
LNRA_Invest_SAS;LNRA_Invest_SAS;yes;;;
Lobenstein_Ventures_UG_(haftungsbeschrankt);Lobenstein_Ventures_UG_(haftungsbeschrankt);yes;;;
Lodovico_Brioschi;Lodovico_Brioschi;yes;;;
LOOHMI_GmbH;LOOHMI_GmbH;yes;;;
LOUD_ENGINE_UG_(haftungsbeschrankt);LOUD_ENGINE_UG_(haftungsbeschrankt);yes;;;
LP_Energy_Vertures_UG_(haftungsbeschrankt);LP_Energy_Vertures_UG_(haftungsbeschrankt);yes;;;
LSFH_GmbH;LSFH_GmbH;yes;;;
Luca_Ascani;Luca_Ascani;yes;;;
Lucas_Hild;Lucas_Hild;yes;;;
Lucas_Vogelsang;Lucas_Vogelsang;yes;;;
Lufthansa_Commercial_Holding_Gesellschaft_mit_beschrankter_Ausgabe_neuer_Anteile;Lufthansa_Commercial_Holding_Gesellschaft_mit_beschrankter_Ausgabe_neuer_Anteile;yes;;;
Lukas_Markus_Wagner;Lukas_Markus_Wagner;yes;;;
Lukas_R6hle_Holding_UG;Lukas_R6hle_Holding_UG;yes;;;
LW_Capital_GmbH;LW_Capital_GmbH;yes;;;
Lydon_Ventures_UG;Lydon_Ventures_UG;yes;;;
M_M_I_Leisure_&_Capital_poe_Management_GmbH;M_M_I_Leisure_&_Capital_poe_Management_GmbH;yes;;;
M._Eimer_Invest_GmbH;M._Eimer_Invest_GmbH;yes;;;
M._Yilmaz_GmbH;M._Yilmaz_GmbH;yes;;;
M.V.E.1_S.P.A.;M.V.E.1_S.P.A.;yes;;;
M4_Capital_GmbH;M4_Capital_GmbH;yes;;;
Mable_Chan_Po-Yan;Mable_Chan_Po-Yan;yes;;;
Mack_Holding_UG_(haftungsbeschrankt);Mack_Holding_UG_(haftungsbeschrankt);yes;;;
Mackeprang_Ventures_GmbH;Mackeprang_Ventures_GmbH;yes;;;
Macsics_Vermégensverwaltung_UG_(haftungsbeschränkt);Macsics_Vermégensverwaltung_UG_(haftungsbeschränkt);yes;;;
MADV_Ventures_GmbH_&_Co._KG;MADV_Ventures_GmbH_&_Co._KG;yes;;;
Mahdi_Raza;Mahdi_Raza;yes;;;
Main_Incubator_GmbH;Main_Incubator_GmbH;yes;;;
makeyourself_UG_(haftungsbeschrankt);makeyourself_UG_(haftungsbeschrankt);yes;;;
MaLou_Beteiligungs_UG_(haftungsbeschrankt);MaLou_Beteiligungs_UG_(haftungsbeschrankt);yes;;;
Malte_Huffmann_GmbH;Malte_Huffmann_GmbH;yes;;;
Management_GmbH;Management_GmbH;yes;;;
MANI_Ventures_UG_(haftungsbeschrankt);MANI_Ventures_UG_(haftungsbeschrankt);yes;;;
Maniewo_Invest_GmbH;Maniewo_Invest_GmbH;yes;;;
Manoa_Ventures_GmbH;Manoa_Ventures_GmbH;yes;;;
Manuel_Backfisch_Investment_Stiftung;Manuel_Backfisch_Investment_Stiftung;yes;;;
MAP_Mergers_Acquisition_Handelsregisteramt_Privatisatt,_nS_‘M_quisit;MAP_Mergers_Acquisition_Handelsregisteramt_Privatisatt,_nS_‘M_quisit;yes;;;
Marc_Bhargava;Marc_Bhargava;yes;;;
Marc_Postel-Vinay;Marc_Postel-Vinay;yes;;;
Marc_Tuscher_Holding_|_AG_Stuttgart_Kornwestheim;Marc_Tuscher_Holding_|_AG_Stuttgart_Kornwestheim;yes;;;
Marco_De_Grazia;Marco_De_Grazia;yes;;;
Mare_Ventures_GmbH;Mare_Ventures_GmbH;yes;;;
MARINI_HOLDING_SRL;MARINI_HOLDING_SRL;yes;;;
Mark_Ransford;Mark_Ransford;yes;;;
MARKEL_DIGITAL_Corporations;MARKEL_DIGITAL_Corporations;yes;;;
Markus_Giinter_Ament;Markus_Giinter_Ament;yes;;;
Martin_Siddiqui;Martin_Siddiqui;yes;;;
Martin-Dirk_Bihlmaier;Martin-Dirk_Bihlmaier;yes;;;
Maru_Winnacker;Maru_Winnacker;yes;;;
Mateusz_Maciej_Wronski;Mateusz_Maciej_Wronski;yes;;;
Matthias_Pyka;Matthias_Pyka;yes;;;
Max_fl_UG;Max_fl_UG;yes;;;
Maximilian_Kérner_Investment_UG_(haftungsbeschränkt);Maximilian_Kérner_Investment_UG_(haftungsbeschränkt);yes;;;
MB_Ventures_GmbH;MB_Ventures_GmbH;yes;;;
MBG_Mittelstandische_Beteiligungsgesellschaft_Schleswig-Holstein_mbH;MBG_Mittelstandische_Beteiligungsgesellschaft_Schleswig-Holstein_mbH;yes;;;
MBischoff_Holding_UG_(haftungsbeschrankt);MBischoff_Holding_UG_(haftungsbeschrankt);yes;;;
ME_Beteiligungs_GmbH;ME_Beteiligungs_GmbH;yes;;;
MEDAI_TECHNOLOGIES_LTD;MEDAI_TECHNOLOGIES_LTD;yes;;;
mediasector_UG;mediasector_UG;yes;;;
MEDIUM_GmbH;MEDIUM_GmbH;yes;;;
Mehmet_Mert_Oztekin;Mehmet_Mert_Oztekin;yes;;;
Meinhardt_Ventures_UG_(haftungsbeschrankt);Meinhardt_Ventures_UG_(haftungsbeschrankt);yes;;;
Menden_Ventures_Consulting_GmbH;Menden_Ventures_Consulting_GmbH;yes;;;
Merantix_AG;Merantix_AG;yes;;;
MERCURA_LUX_Société_d'investissement_à_capital_variable;MERCURA_LUX_Société_d'investissement_à_capital_variable;yes;;;
Mercurius_Ventures_GmbH;Mercurius_Ventures_GmbH;yes;;;
Mercutio_GmbH;Mercutio_GmbH;yes;;;
Merk_MIC_GmbH;Merk_MIC_GmbH;yes;;;
MH_ASSETS_GmbH;MH_ASSETS_GmbH;yes;;;
MH_Energy_Vertures_UG_(haftungsbeschrankt);MH_Energy_Vertures_UG_(haftungsbeschrankt);yes;;;
MH2_Capital_GmbH;MH2_Capital_GmbH;yes;;;
MHz2_Capital_GmbH;MHz2_Capital_GmbH;yes;;;
Michael_Achtelik_Beteiligungsgesellschaft_mbH;Michael_Achtelik_Beteiligungsgesellschaft_mbH;yes;;;
Michael_Lowak;Michael_Lowak;yes;;;
Michael_Raith;Michael_Raith;yes;;;
Michael_Schmitt;Michael_Schmitt;yes;;;
Michael_Taschner;Michael_Taschner;yes;;;
MicroHarvest_GmbH;MicroHarvest_GmbH;yes;;;
Milano,_Italien;Milano,_Italien;yes;;;
Milliways_Holding_UG_(haftungsbeschrankt);Milliways_Holding_UG_(haftungsbeschrankt);yes;;;
MiToO_GmbH;MiToO_GmbH;yes;;;
MJJ_Invest_GmbH;MJJ_Invest_GmbH;yes;;;
MJJ_Jager_Ventures_UG_(haftungsbeschrankt);MJJ_Jager_Ventures_UG_(haftungsbeschrankt);yes;;;
MJM_Investments_AG;MJM_Investments_AG;yes;;;
MJM_Investments_GmbH;MJM_Investments_GmbH;yes;;;
MK_Freundeskreis_UG_(haftungsbeschrankt);MK_Freundeskreis_UG_(haftungsbeschrankt);yes;;;
MKP_SYmbios_UG_(haftungsbeschrankt);MKP_SYmbios_UG_(haftungsbeschrankt);yes;;;
MM_Opportunities_Ventures_GmbH;MM_Opportunities_Ventures_GmbH;yes;;;
MMB_Ventures_GmbH;MMB_Ventures_GmbH;yes;;;
MN_py_siiel_inkels_Charlottenburg_UG_(haftungsbeschrankt);MN_py_siiel_inkels_Charlottenburg_UG_(haftungsbeschrankt);yes;;;
MOre-invest_GmbH;MOre-invest_GmbH;yes;;;
Motive_Early_Stage_(A)_Aggregator_LLC;Motive_Early_Stage_(A)_Aggregator_LLC;yes;;;
Motive_Early_Stage_(E)_GmbH;Motive_Early_Stage_(E)_GmbH;yes;;;
Mountain_Peak_Ventures_GmbH;Mountain_Peak_Ventures_GmbH;yes;;;
MSMM_Beteiligungen_GmbH;MSMM_Beteiligungen_GmbH;yes;;;
MTR_Beratungs-_und_Beteiligungsgesellschaft_UG_(haftungsbeschrankt);MTR_Beratungs-_und_Beteiligungsgesellschaft_UG_(haftungsbeschrankt);yes;;;
Muinzinger_Holding_GmbH;Muinzinger_Holding_GmbH;yes;;;
Munin_Vermégensverwaltungs_GmbH_HRB_242246_B;Munin_Vermégensverwaltungs_GmbH_HRB_242246_B;yes;;;
Mutschler_Ventures_AG;Mutschler_Ventures_AG;yes;;;
MVN_Ventures_UG;MVN_Ventures_UG;yes;;;
MWP_Beteiligungs_UG;MWP_Beteiligungs_UG;yes;;;
MX_Fund_II_GmbH_&_Co._KG;MX_Fund_II_GmbH_&_Co._KG;yes;;;
MyNils_GmbH;MyNils_GmbH;yes;;;
N-Ventures_UG_(haftungschrankt);N-Ventures_UG_(haftungschrankt);yes;;;
Najwa_Naimy;Najwa_Naimy;yes;;;
Namalala_UG_(haftungsbeschr;Namalala_UG_(haftungsbeschr;yes;;;
NaoLen_B.V.;NaoLen_B.V.;yes;;;
NEON_GmbH;NEON_GmbH;yes;;;
New_Wave_SASU;New_Wave_SASU;yes;;;
Next_Commerce_Accelerator_2._Beteiligungsgesellschaft_mbH_&_Co._KG;Next_Commerce_Accelerator_2._Beteiligungsgesellschaft_mbH_&_Co._KG;yes;;;
Next47_Fund_2019_L.P.;Next47_Fund_2019_L.P.;yes;;;
Next47_Fund_2020_L.P.;Next47_Fund_2020_L.P.;yes;;;
Next47_Fund_2021_L.P.;Next47_Fund_2021_L.P.;yes;;;
Nifty_Ventures_GmbH;Nifty_Ventures_GmbH;yes;;;
Nika_Norr;Nika_Norr;yes;;;
Niklas_Brackmann_Holding_UG;Niklas_Brackmann_Holding_UG;yes;;;
Niklas_Homann;Niklas_Homann;yes;;;
Nils_Bernhardt;Nils_Bernhardt;yes;;;
Nils_Eiteneyer_Beteiligungs-UG_(haftungsbeschrankt);Nils_Eiteneyer_Beteiligungs-UG_(haftungsbeschrankt);yes;;;
Nobbe_Holding_GmbH;Nobbe_Holding_GmbH;yes;;;
NTD_Ventures_UG_(haftungsbeschrankt);NTD_Ventures_UG_(haftungsbeschrankt);yes;;;
Obiegala_Holding_UG_(haftungsbeschrankt);Obiegala_Holding_UG_(haftungsbeschrankt);yes;;;
OJA_Invest_GmbH;OJA_Invest_GmbH;yes;;;
Oldeen_Ventures_UG;Oldeen_Ventures_UG;yes;;;
Olivia_Doro_Lustig;Olivia_Doro_Lustig;yes;;;
Olivier_Faure;Olivier_Faure;yes;;;
Olivier_Kanitzk;Olivier_Kanitzk;yes;;;
OM_100_GmbH;OM_100_GmbH;yes;;;
OMA_acht_beteiligungs_GbR;OMA_acht_beteiligungs_GbR;yes;;;
OMA_Ventures_GmbH;OMA_Ventures_GmbH;yes;;;
Omar_Henri_Liess;Omar_Henri_Liess;yes;;;
One_Twa_Ventures_UG_(haftungshesehrinks);One_Twa_Ventures_UG_(haftungshesehrinks);yes;;;
One_Venture_UG_(haftungsbeschrankt);One_Venture_UG_(haftungsbeschrankt);yes;;;
Ophelia_Invest_GmbH;Ophelia_Invest_GmbH;yes;;;
Orbit_Trade_Holding_GmbH;Orbit_Trade_Holding_GmbH;yes;;;
Orbital_Ventures_S.C.A._SICAV-RAIF;Orbital_Ventures_S.C.A._SICAV-RAIF;yes;;;
Orca_Capital_GmbH;Orca_Capital_GmbH;yes;;;
OsMa_Ventures_UG;OsMa_Ventures_UG;yes;;;
Oud_Equity_UG;Oud_Equity_UG;yes;;;
Oueebee_GmbH;Oueebee_GmbH;yes;;;
OyFri_GmbH;OyFri_GmbH;yes;;;
Oz_Ventures_UG_(haftungsbeschrankt);Oz_Ventures_UG_(haftungsbeschrankt);yes;;;
Ozman_Holding_GmbH;Ozman_Holding_GmbH;yes;;;
P5_Invest_GmbH;P5_Invest_GmbH;yes;;;
Paeon_UG;Paeon_UG;yes;;;
Pale_Blue_Dot_Investments_AB;Pale_Blue_Dot_Investments_AB;yes;;;
PARADICA_GmbH;PARADICA_GmbH;yes;;;
Parham_Gohari;Parham_Gohari;yes;;;
Partech_Entrepreneur_Fund_IV_FPCI;Partech_Entrepreneur_Fund_IV_FPCI;yes;;;
Pasame_XingFu_UG_(haftungsbeschrankt);Pasame_XingFu_UG_(haftungsbeschrankt);yes;;;
Patema_(Valencia),_Spanien;Patema_(Valencia),_Spanien;yes;;;
Patrick_Frowein;Patrick_Frowein;yes;;;
Patrick_Ugo_Guiseppe_Larai;Patrick_Ugo_Guiseppe_Larai;yes;;;
Patty_Lip_Wai_Lee;Patty_Lip_Wai_Lee;yes;;;
Pausder_Ventures_GmbH;Pausder_Ventures_GmbH;yes;;;
Pawet_Polenski;Pawet_Polenski;yes;;;
Payvengers_Beteiligungen_UG;Payvengers_Beteiligungen_UG;yes;;;
PBT912_UG_(haftungsbeschrankt);PBT912_UG_(haftungsbeschrankt);yes;;;
PCN_Ventures_UG_(haftungsbeschrankt);PCN_Ventures_UG_(haftungsbeschrankt);yes;;;
PDA_Deutzclie_one_rales_Digitalagentur_GmbH;PDA_Deutzclie_one_rales_Digitalagentur_GmbH;yes;;;
Peak_Capital_IV_Codéperatief_U.A.;Peak_Capital_IV_Codéperatief_U.A.;yes;;;
Pelion_Energy_Holding_GmbH;Pelion_Energy_Holding_GmbH;yes;;;
Pelle_Maerkedahl_Larsen;Pelle_Maerkedahl_Larsen;yes;;;
Personio_GmbH;Personio_GmbH;yes;;;
Peschko_UG_(haftungsbeschrankt);Peschko_UG_(haftungsbeschrankt);yes;;;
Peschko,_Johannes;Peschko,_Johannes;yes;;;
Peter_Dobler;Peter_Dobler;yes;;;
Peter-Paul_Brenninkmeijer;Peter-Paul_Brenninkmeijer;yes;;;
Philipp_Bock_Ventures_GmbH;Philipp_Bock_Ventures_GmbH;yes;;;
Philipp_Man;Philipp_Man;yes;;;
Philipp_Trocha;Philipp_Trocha;yes;;;
Philippe_Teixeira_da_Mota;Philippe_Teixeira_da_Mota;yes;;;
Phronesis_UG_(haftungsbeschrankt);Phronesis_UG_(haftungsbeschrankt);yes;;;
Pi3.14_Investments_UG_(haftungsbeschrankt);Pi3.14_Investments_UG_(haftungsbeschrankt);yes;;;
Picus_Capital_GmbH;Picus_Capital_GmbH;yes;;;
Pierre_Vinet;Pierre_Vinet;yes;;;
Pineapple_Ventures_UG_(haftungsbeschrankt);Pineapple_Ventures_UG_(haftungsbeschrankt);yes;;;
Pink_Capital_GmbH;Pink_Capital_GmbH;yes;;;
Piotr_Pisarz;Piotr_Pisarz;yes;;;
Piton_Capital_III_Investments_Co6peratief_B.A.;Piton_Capital_III_Investments_Co6peratief_B.A.;yes;;;
PK_Projects_GmbH;PK_Projects_GmbH;yes;;;
playfull_GmbH;playfull_GmbH;yes;;;
Point_Nine_Capital_GmbH_&_Co._KG;Point_Nine_Capital_GmbH_&_Co._KG;yes;;;
Point_Nine_Co-Invest_VI_GmbH_&_Co._KG;Point_Nine_Co-Invest_VI_GmbH_&_Co._KG;yes;;;
poke_Ventures_Il_GmbH;poke_Ventures_Il_GmbH;yes;;;
Polipo_LP;Polipo_LP;yes;;;
Polysaccharides_UG;Polysaccharides_UG;yes;;;
Possible_Ventures_|_GmbH_&_Co._KG;Possible_Ventures_|_GmbH_&_Co._KG;yes;;;
Possible_Ventures_B_|_GmbH_&_Co._KG;Possible_Ventures_B_|_GmbH_&_Co._KG;yes;;;
Possible_Ventures_II_GmbH_&_Co._KG;Possible_Ventures_II_GmbH_&_Co._KG;yes;;;
Possible_Ventures_Il_GmbH_&_Co_KG;Possible_Ventures_Il_GmbH_&_Co_KG;yes;;;
Povel_Ventures_GmbH;Povel_Ventures_GmbH;yes;;;
Prahofer_Ventures_UG_(haftungsbeschrankt);Prahofer_Ventures_UG_(haftungsbeschrankt);yes;;;
Preußische_Stiftungsdirektion_Berlin_GmbH;Preußische_Stiftungsdirektion_Berlin_GmbH;yes;;;
PreuSische_Stiftungsdirektion_Berlin_GmbH;PreuSische_Stiftungsdirektion_Berlin_GmbH;yes;;;
Priebe_Holding_GmbH;Priebe_Holding_GmbH;yes;;;
Prinz_Maximilian_von_und_zu_Liechtenstein;Prinz_Maximilian_von_und_zu_Liechtenstein;yes;;;
Privera_Partners_GmbH;Privera_Partners_GmbH;yes;;;
Priyanka_Das;Priyanka_Das;yes;;;
Prof._Dr._Alexander_Meyer;Prof._Dr._Alexander_Meyer;yes;;;
Prof._Dr._Ann-Kristin_Achleitner;Prof._Dr._Ann-Kristin_Achleitner;yes;;;
Prof._Dr._Carsten_Eickhoff;Prof._Dr._Carsten_Eickhoff;yes;;;
Prof._Dr._Dr._Ann-Kristin_Achleitner;Prof._Dr._Dr._Ann-Kristin_Achleitner;yes;;;
Prof._Dr._Enrique_Solano;Prof._Dr._Enrique_Solano;yes;;;
Prof._Dr._Gerald_Martin_Werner_Huber;Prof._Dr._Gerald_Martin_Werner_Huber;yes;;;
Prof._Dr._Hartmut_Spliethoff;Prof._Dr._Hartmut_Spliethoff;yes;;;
Prof._Dr._Ivar_Roots;Prof._Dr._Ivar_Roots;yes;;;
Prof._Dr._Julio_Salinas;Prof._Dr._Julio_Salinas;yes;;;
Prof._Dr._Matthias_Gaderer;Prof._Dr._Matthias_Gaderer;yes;;;
Prof._Dr._med.;Prof._Dr._med.;yes;;;
Prof._Dr._Ralf_Reski;Prof._Dr._Ralf_Reski;yes;;;
Prof._Dr._Stephan_Axel_Sieber;Prof._Dr._Stephan_Axel_Sieber;yes;;;
Project_A_Ventures_III_GmbH_&_Co._KG;Project_A_Ventures_III_GmbH_&_Co._KG;yes;;;
Project_A_Ventures_Ill_GmbH_&_Co._KG;Project_A_Ventures_Ill_GmbH_&_Co._KG;yes;;;
Project_A_Ventures_IV_GmbH_&_Co._KG;Project_A_Ventures_IV_GmbH_&_Co._KG;yes;;;
PT1_Early-Stage_Fund_Il_GmbH_&_Co._KG;PT1_Early-Stage_Fund_Il_GmbH_&_Co._KG;yes;;;
Puntopoleio_UG_(haftungsbeschrankt);Puntopoleio_UG_(haftungsbeschrankt);yes;;;
Push_Creative_Ventures_GmbH;Push_Creative_Ventures_GmbH;yes;;;
PYLORIX_GmbH;PYLORIX_GmbH;yes;;;
QAware_GmbH;QAware_GmbH;yes;;;
QCS_QualityConsult_Service_GmbH;QCS_QualityConsult_Service_GmbH;yes;;;
QUANTONATION_1_FPCI;QUANTONATION_1_FPCI;yes;;;
Quentin_Muhlert;Quentin_Muhlert;yes;;;
R&R_Unternehmensbeteiligungen_GmbH;R&R_Unternehmensbeteiligungen_GmbH;yes;;;
Raeecuniel;Raeecuniel;yes;;;
Ralf_Illig;Ralf_Illig;yes;;;
Rapid_Pioneers_Group_UG_(haftungsbeschrankt)_&_Co._KG;Rapid_Pioneers_Group_UG_(haftungsbeschrankt)_&_Co._KG;yes;;;
RAS_Invest_GmbH;RAS_Invest_GmbH;yes;;;
Raum,_David;Raum,_David;yes;;;
raumstation_UG_(haftungsbeschrankt);raumstation_UG_(haftungsbeschrankt);yes;;;
Razouane_Ventures_UG_(haftungsbeschränkt);Razouane_Ventures_UG_(haftungsbeschränkt);yes;;;
RBCH_Ltd.;RBCH_Ltd.;yes;;;
RE_14_Holding_GmbH;RE_14_Holding_GmbH;yes;;;
Rebellion_Ventures_UG_(haftungsbeschrankt);Rebellion_Ventures_UG_(haftungsbeschrankt);yes;;;
Reber_Capital_UG_(haftungsbeschrankt);Reber_Capital_UG_(haftungsbeschrankt);yes;;;
Rebet_GmbH;Rebet_GmbH;yes;;;
Red_Hook_Ventures_UG_(haftungsbeschrankt);Red_Hook_Ventures_UG_(haftungsbeschrankt);yes;;;
Redalpine_Capital_S._C._S._SICAR,_Compartment_Redalpine_Capital_VI;Redalpine_Capital_S._C._S._SICAR,_Compartment_Redalpine_Capital_VI;yes;;;
Redalpine_Capital_S.C.S.,_SICAR;Redalpine_Capital_S.C.S.,_SICAR;yes;;;
Regaine_Opportunity_Fund;Regaine_Opportunity_Fund;yes;;;
Reiffen,_Andreas;Reiffen,_Andreas;yes;;;
Reinhard_Heselschwerdt;Reinhard_Heselschwerdt;yes;;;
Reitelshofer_Ubernahme_neuer_Vermégensmanagement_GmbH;Reitelshofer_Ubernahme_neuer_Vermégensmanagement_GmbH;yes;;;
rek_DIGITAL_Beteiligungs-_und_Beratungs_GmbH;rek_DIGITAL_Beteiligungs-_und_Beratungs_GmbH;yes;;;
rena)_ss_UG_(haftungsbeschränkt);rena)_ss_UG_(haftungsbeschränkt);yes;;;
Renaud_Visage;Renaud_Visage;yes;;;
Renner_Ventures_&_Philanthropies_GmbH;Renner_Ventures_&_Philanthropies_GmbH;yes;;;
Renovatio_Financial_Investments_S.L.;Renovatio_Financial_Investments_S.L.;yes;;;
Resilience_1_GmbH_&_Co._KG_am_Main;Resilience_1_GmbH_&_Co._KG_am_Main;yes;;;
Reto_Rilegg;Reto_Rilegg;yes;;;
rheinaue_Invest_GmbH;rheinaue_Invest_GmbH;yes;;;
Rheingau_AG_Berlin_&_Co._KG;Rheingau_AG_Berlin_&_Co._KG;yes;;;
Ricarda_Kies_Consulting;Ricarda_Kies_Consulting;yes;;;
Richard_Markus_Wolfgang_Fobo;Richard_Markus_Wolfgang_Fobo;yes;;;
Riverton_UG;Riverton_UG;yes;;;
Rivus_Ventures_GmbH;Rivus_Ventures_GmbH;yes;;;
RJ_Expeditions_GmbH;RJ_Expeditions_GmbH;yes;;;
RO!_Holding_GmbH;RO!_Holding_GmbH;yes;;;
Robert_Helmut_Glaser;Robert_Helmut_Glaser;yes;;;
Rocket_Internet_Capital_Partners_(Euro)_683_11_SCS;Rocket_Internet_Capital_Partners_(Euro)_683_11_SCS;yes;;;
Rocket_Internet_Capital_Partners_Il_SCS;Rocket_Internet_Capital_Partners_Il_SCS;yes;;;
Romain_Mabboux;Romain_Mabboux;yes;;;
ROMM_Holding_GmbH;ROMM_Holding_GmbH;yes;;;
Ronald_Stefan_Hoppmann;Ronald_Stefan_Hoppmann;yes;;;
Ronny_Shibley;Ronny_Shibley;yes;;;
Rooshoek_Beteiligungs_GmbH;Rooshoek_Beteiligungs_GmbH;yes;;;
Roppel_Beteiligungs_UG_(haftungsbeschrankt);Roppel_Beteiligungs_UG_(haftungsbeschrankt);yes;;;
Roskopf_Ventures_GmbH;Roskopf_Ventures_GmbH;yes;;;
Rotenfels_Verwaltung_GmbH;Rotenfels_Verwaltung_GmbH;yes;;;
Rotwand_Ventures_GmbH;Rotwand_Ventures_GmbH;yes;;;
RRW_Il_Growth_SLP;RRW_Il_Growth_SLP;yes;;;
RS_Trust_GmbH;RS_Trust_GmbH;yes;;;
Ruhr-Gliick_GmbH;Ruhr-Gliick_GmbH;yes;;;
Rumburg_Capital_UG_(haftungsbeschrinkt);Rumburg_Capital_UG_(haftungsbeschrinkt);yes;;;
Rymdkapital_SPV_TEC_AB;Rymdkapital_SPV_TEC_AB;yes;;;
S.W._Projects_GmbH;S.W._Projects_GmbH;yes;;;
Sébastien_Schikora;Sébastien_Schikora;yes;;;
S15_Invest_GmbH;S15_Invest_GmbH;yes;;;
Saint-Jean_Holdings_UG;Saint-Jean_Holdings_UG;yes;;;
Salma_Vogel;Salma_Vogel;yes;;;
Salome_Cornelia_Preiswerk;Salome_Cornelia_Preiswerk;yes;;;
Santera_GmbH_Ratingen_HRB_58162;Santera_GmbH_Ratingen_HRB_58162;yes;;;
Santos_McGarry_UG;Santos_McGarry_UG;yes;;;
Saul_Tal_Levin;Saul_Tal_Levin;yes;;;
Saxtan_GmbH;Saxtan_GmbH;yes;;;
Scania_CV_AB;Scania_CV_AB;yes;;;
Scania_Growth_Capital_AB;Scania_Growth_Capital_AB;yes;;;
Schawei_GmbH;Schawei_GmbH;yes;;;
Schlumberger_Investment_Services_B.V.;Schlumberger_Investment_Services_B.V.;yes;;;
Schmitz_Ventures_UG_(haftungsbeschrankt);Schmitz_Ventures_UG_(haftungsbeschrankt);yes;;;
Schone_Téchter_GmbH;Schone_Téchter_GmbH;yes;;;
Schork_Management_UG_(haftungsbeschrankt)_&_Co._KG;Schork_Management_UG_(haftungsbeschrankt)_&_Co._KG;yes;;;
Schwarz_Holding_GmbH;Schwarz_Holding_GmbH;yes;;;
Schwarz_Ventures_UG_(haftungsbeschrankt);Schwarz_Ventures_UG_(haftungsbeschrankt);yes;;;
Scout_Fund_VII;Scout_Fund_VII;yes;;;
Scout_VI-A,_LLC;Scout_VI-A,_LLC;yes;;;
Sebastian_Blatt_Holding_UG_(haftungsbeschrankt);Sebastian_Blatt_Holding_UG_(haftungsbeschrankt);yes;;;
Sebastian_Priester;Sebastian_Priester;yes;;;
Sebastian_Schuon_Investments_GmbH;Sebastian_Schuon_Investments_GmbH;yes;;;
Sebastian_Simon_Cordes;Sebastian_Simon_Cordes;yes;;;
Sebastien_Ayton;Sebastien_Ayton;yes;;;
Sebastien_Reichstadt;Sebastien_Reichstadt;yes;;;
SEK_Ventures_GmbH;SEK_Ventures_GmbH;yes;;;
Selin_Kiper_Saitoglu;Selin_Kiper_Saitoglu;yes;;;
SEMA_Vermdgensverw_altungs_UG_(haftungsbeschr;SEMA_Vermdgensverw_altungs_UG_(haftungsbeschr;yes;;;
September_Ventures_UG_(haftungsbeschrankt);September_Ventures_UG_(haftungsbeschrankt);yes;;;
SERIE;SERIE;yes;;;
SevenD_GmbH;SevenD_GmbH;yes;;;
SG9_UG_(haftungsbeschrankt)_i.G.;SG9_UG_(haftungsbeschrankt)_i.G.;yes;;;
SH_Energy_Vertures_UG_(haftungsbeschrankt);SH_Energy_Vertures_UG_(haftungsbeschrankt);yes;;;
Sheran_Investments_UG_(haftungsbeschrankt);Sheran_Investments_UG_(haftungsbeschrankt);yes;;;
Shio_Equity_LLC;Shio_Equity_LLC;yes;;;
Shirish_Sankhe;Shirish_Sankhe;yes;;;
Shorea_Ventures_GmbH;Shorea_Ventures_GmbH;yes;;;
Silke_Klu@_GmbH;Silke_Klu@_GmbH;yes;;;
Simon_Capital_GmbH_&_Co._KG;Simon_Capital_GmbH_&_Co._KG;yes;;;
Simon_W._Geib;Simon_W._Geib;yes;;;
Sine_Beteiligungen_GmbH;Sine_Beteiligungen_GmbH;yes;;;
Siobhan_Brewster;Siobhan_Brewster;yes;;;
Sisu_Game_Ventures_Oy;Sisu_Game_Ventures_Oy;yes;;;
SixVenture_GmbH;SixVenture_GmbH;yes;;;
SKanalytics_Ventures_UG_(haftungsbeschrankt);SKanalytics_Ventures_UG_(haftungsbeschrankt);yes;;;
Skatchkov_Ventures_UG;Skatchkov_Ventures_UG;yes;;;
Skatchkov_Ventures_UG_(haftungsbeschrankt);Skatchkov_Ventures_UG_(haftungsbeschrankt);yes;;;
SKAUG_INDUSTRIES_AS;SKAUG_INDUSTRIES_AS;yes;;;
Skogsbaeck_GmbH;Skogsbaeck_GmbH;yes;;;
SLL_InvestConsult_GmbH;SLL_InvestConsult_GmbH;yes;;;
SM_Assets_UG_(haftungsbeschrankt);SM_Assets_UG_(haftungsbeschrankt);yes;;;
Smart_Infrastructure_Ventures_Fund_GmbH_&_Co._Kommanditgesellschaft;Smart_Infrastructure_Ventures_Fund_GmbH_&_Co._Kommanditgesellschaft;yes;;;
SmashForward_OU;SmashForward_OU;yes;;;
Snow_Day_UG_(haftungsbeschrankt);Snow_Day_UG_(haftungsbeschrankt);yes;;;
Sobremesa_Investments_GmbH;Sobremesa_Investments_GmbH;yes;;;
Sonia_Magniant;Sonia_Magniant;yes;;;
SORIAK_S.A.S.;SORIAK_S.A.S.;yes;;;
Speedinvest_EuVECA_GmbH_&_Co.;Speedinvest_EuVECA_GmbH_&_Co.;yes;;;
Speedinvest_III;Speedinvest_III;yes;;;
Speedinvest_Ill_EUVECA_GmbH_&_Co_KG;Speedinvest_Ill_EUVECA_GmbH_&_Co_KG;yes;;;
Speedinvest_IV_EuVECA_GmbH_&_Co_KG;Speedinvest_IV_EuVECA_GmbH_&_Co_KG;yes;;;
Spielerrat_Invest_GmbH;Spielerrat_Invest_GmbH;yes;;;
Spitzstein_Management_UG_(haftungsbeschrankt);Spitzstein_Management_UG_(haftungsbeschrankt);yes;;;
sports03_GmbH;sports03_GmbH;yes;;;
Stadtelmeyer_Investment_UG;Stadtelmeyer_Investment_UG;yes;;;
Star_Power_Partners_Europe_LP;Star_Power_Partners_Europe_LP;yes;;;
Starburst_GmbH;Starburst_GmbH;yes;;;
Starfinger_Ventures_UG_(haftungsbeschrankt);Starfinger_Ventures_UG_(haftungsbeschrankt);yes;;;
Starlight_Capital_GmbH;Starlight_Capital_GmbH;yes;;;
Steelhorse_Capital_GmbH;Steelhorse_Capital_GmbH;yes;;;
Steethorse_Capital_GmbH;Steethorse_Capital_GmbH;yes;;;
Stefan_Kilian;Stefan_Kilian;yes;;;
Stefan_Loacker;Stefan_Loacker;yes;;;
Stefan_Raternostet;Stefan_Raternostet;yes;;;
Steinforth_Asset_Management_GmbH;Steinforth_Asset_Management_GmbH;yes;;;
Steinhaus_Invest_UG_(haftungsbeschrankt);Steinhaus_Invest_UG_(haftungsbeschrankt);yes;;;
Stephan_Fritz;Stephan_Fritz;yes;;;
Stevan_Lutz_Invest_GmbH;Stevan_Lutz_Invest_GmbH;yes;;;
Stevan_Lutz_Invest_UG_(haftungsbeschrankt);Stevan_Lutz_Invest_UG_(haftungsbeschrankt);yes;;;
Steven_Rude;Steven_Rude;yes;;;
Stichting_Depositary_INKEF_Investment_Fund;Stichting_Depositary_INKEF_Investment_Fund;yes;;;
Stiftung_Deutsches_Herzzentrum_Berlin;Stiftung_Deutsches_Herzzentrum_Berlin;yes;;;
STM_Consulting_GmbH;STM_Consulting_GmbH;yes;;;
STOCO_10_GmbH;STOCO_10_GmbH;yes;;;
Storm_Ventures_Fund_VI,_L.P.;Storm_Ventures_Fund_VI,_L.P.;yes;;;
Strachbert_GmbH;Strachbert_GmbH;yes;;;
Striimpfler_Eva;Striimpfler_Eva;yes;;;
Strimpfler_Eva;Strimpfler_Eva;yes;;;
StrUmpfler_Eva;StrUmpfler_Eva;yes;;;
Stuchtey_Capital_UG_(haftungsbeschrankt);Stuchtey_Capital_UG_(haftungsbeschrankt);yes;;;
Stuttgart;Stuttgart;yes;;;
SUM1_Holdings_LP;SUM1_Holdings_LP;yes;;;
Sunconergy_GmbH;Sunconergy_GmbH;yes;;;
Susanne_Listmann;Susanne_Listmann;yes;;;
Sven_FloRmann_GmbH;Sven_FloRmann_GmbH;yes;;;
SW_Investment_GmbH;SW_Investment_GmbH;yes;;;
Swanlake_Management_GmbH;Swanlake_Management_GmbH;yes;;;
SWILUX_S.A.;SWILUX_S.A.;yes;;;
Swish_UG_(haftungsbeschrankt);Swish_UG_(haftungsbeschrankt);yes;;;
Synergy_Holding_GmbH;Synergy_Holding_GmbH;yes;;;
Szeli_Ventures_GmbH;Szeli_Ventures_GmbH;yes;;;
t-grove_GmbH;t-grove_GmbH;yes;;;
T.D._Veen_AS;T.D._Veen_AS;yes;;;
T161_Holding_GmbH;T161_Holding_GmbH;yes;;;
Tacito_Il_Holding_AB;Tacito_Il_Holding_AB;yes;;;
TAL_GmbH;TAL_GmbH;yes;;;
Talay_Ventures_UG_(haftungsbeschrankt);Talay_Ventures_UG_(haftungsbeschrankt);yes;;;
TAMAVI_PropTech_Fund_CommV;TAMAVI_PropTech_Fund_CommV;yes;;;
Tanja_Fisser;Tanja_Fisser;yes;;;
Tanso_Technologies_AG;Tanso_Technologies_AG;yes;;;
Target_Global_Selected_Opportunities,_LLC_-_Series_Sennder_(Delaware);Target_Global_Selected_Opportunities,_LLC_-_Series_Sennder_(Delaware);yes;;;
Target_Partners_Fund_II_GmbH_&_Co._KG;Target_Partners_Fund_II_GmbH_&_Co._KG;yes;;;
Tatii_UG_(haftungsbeschrankt);Tatii_UG_(haftungsbeschrankt);yes;;;
Technologiegranderfonds;Technologiegranderfonds;yes;;;
Technologiegriinderfonds_Sachsen_Basic_GmbH_&_Co._KG;Technologiegriinderfonds_Sachsen_Basic_GmbH_&_Co._KG;yes;;;
Techstars_Berlin_City_Fund_GmbH_&_Co._KG;Techstars_Berlin_City_Fund_GmbH_&_Co._KG;yes;;;
Techstars_Ventures_2017,_L.P.;Techstars_Ventures_2017,_L.P.;yes;;;
Telco.Media_Creations_Holding_GmbH;Telco.Media_Creations_Holding_GmbH;yes;;;
Temaris_et_associés_SAS;Temaris_et_associés_SAS;yes;;;
Tengelmann_Ventures_Fund_VI_GmbH;Tengelmann_Ventures_Fund_VI_GmbH;yes;;;
Tenhil_GmbH_&_Co._KG;Tenhil_GmbH_&_Co._KG;yes;;;
Teufel_Ventures_UG_(haftungsbeschrankt);Teufel_Ventures_UG_(haftungsbeschrankt);yes;;;
The_Circle_|_Holdings_Limited;The_Circle_|_Holdings_Limited;yes;;;
The_Delta_Flow_AG;The_Delta_Flow_AG;yes;;;
The_Nuga_Trust;The_Nuga_Trust;yes;;;
TherOVex_UG;TherOVex_UG;yes;;;
Thomas_Benjamin_Blomfield;Thomas_Benjamin_Blomfield;yes;;;
Thomas_Nussmann;Thomas_Nussmann;yes;;;
Thomas_Wilhelm_Tilse;Thomas_Wilhelm_Tilse;yes;;;
THOR_Ventures_Berlin_GmbH;THOR_Ventures_Berlin_GmbH;yes;;;
Thorsten_Fritz_Herbert_Drescher;Thorsten_Fritz_Herbert_Drescher;yes;;;
Thumm_Ventures_UG_(haftungsbeschränkt);Thumm_Ventures_UG_(haftungsbeschränkt);yes;;;
THZ_Capital_UG_(haftungsbeschrankt);THZ_Capital_UG_(haftungsbeschrankt);yes;;;
TI_Platform_MX_II_Holdings_2_LLC;TI_Platform_MX_II_Holdings_2_LLC;yes;;;
Till_Sanders;Till_Sanders;yes;;;
Tilman_Kemmler;Tilman_Kemmler;yes;;;
Tiny_Fund_Il,_a_series_of_Tiny_Supercomputer_Investment_Companies,_LP;Tiny_Fund_Il,_a_series_of_Tiny_Supercomputer_Investment_Companies,_LP;yes;;;
Tiny_II,_a_series_of_Continental_Tiny_Supercomputer_Investment_Companies,_LP;Tiny_II,_a_series_of_Continental_Tiny_Supercomputer_Investment_Companies,_LP;yes;;;
Tiny_Il,_a_series_of_Continental_Tiny_Supercomputer_Investment_Companies,_LP;Tiny_Il,_a_series_of_Continental_Tiny_Supercomputer_Investment_Companies,_LP;yes;;;
Tiny_Supercomputer_Holding_Company_2021_LP;Tiny_Supercomputer_Holding_Company_2021_LP;yes;;;
Tjempacca_Warna_Ltd;Tjempacca_Warna_Ltd;yes;;;
TJS_Beteiligung_GmbH;TJS_Beteiligung_GmbH;yes;;;
TKrauss_Private_Equity_Investments_GmbH;TKrauss_Private_Equity_Investments_GmbH;yes;;;
Tobias_Bandel_Sustainabi-_lity_Consulting_UG_(haftungsbeschrankt);Tobias_Bandel_Sustainabi-_lity_Consulting_UG_(haftungsbeschrankt);yes;;;
TOLI_Beteiligungs_UG_(haftungs-beschrankt);TOLI_Beteiligungs_UG_(haftungs-beschrankt);yes;;;
Tomislav_Tomov;Tomislav_Tomov;yes;;;
Torben_Hendrik_Jensen;Torben_Hendrik_Jensen;yes;;;
Torben_UG_(haftungsbeschrankt);Torben_UG_(haftungsbeschrankt);yes;;;
touch_smoke_GmbH;touch_smoke_GmbH;yes;;;
Traction_Engineering_GmbH;Traction_Engineering_GmbH;yes;;;
TreasureHunt_GmbH;TreasureHunt_GmbH;yes;;;
Triiffelschwein_Beteiligungen_UG_(haftungsbeschrankt);Triiffelschwein_Beteiligungen_UG_(haftungsbeschrankt);yes;;;
Triotor_Betciligungs_GmbH;Triotor_Betciligungs_GmbH;yes;;;
TruckOS_GmbH;TruckOS_GmbH;yes;;;
TS_Capital_UG_(haftungsbeschrankt);TS_Capital_UG_(haftungsbeschrankt);yes;;;
TU3_Invest_GmbH;TU3_Invest_GmbH;yes;;;
TVenture_Capital_GmbH;TVenture_Capital_GmbH;yes;;;
twentythree_Holding_UG_(haftungsbeschrankt);twentythree_Holding_UG_(haftungsbeschrankt);yes;;;
TWINU_GmbH;TWINU_GmbH;yes;;;
TX_Group_AG;TX_Group_AG;yes;;;
ueGei_Capital_UG_(haftungsbeschrankt);ueGei_Capital_UG_(haftungsbeschrankt);yes;;;
uhf_Finance_GmbH_HRB_18628;uhf_Finance_GmbH_HRB_18628;yes;;;
Unknown;Unknown;yes;;;
UnternehmerTUM_Projekt_GmbH;UnternehmerTUM_Projekt_GmbH;yes;;;
Unternehmertum_VC_AG;Unternehmertum_VC_AG;yes;;;
Unternehmertum_VC_Fonds_III_GmbH_&_Co._KG;Unternehmertum_VC_Fonds_III_GmbH_&_Co._KG;yes;;;
Unternehmertum_VC_Fonds_IllGmbH&Co.;Unternehmertum_VC_Fonds_IllGmbH&Co.;yes;;;
Up_Only_Ventures_UG;Up_Only_Ventures_UG;yes;;;
Urbyo_GmbH;Urbyo_GmbH;yes;;;
Urbyo_ZG_Intermediate_LLC;Urbyo_ZG_Intermediate_LLC;yes;;;
UrsulaGoebel;UrsulaGoebel;yes;;;
Utopian_Ventures_GmbH;Utopian_Ventures_GmbH;yes;;;
VAFM_Finfte_Beteiligungs_GmbH;VAFM_Finfte_Beteiligungs_GmbH;yes;;;
Valar_Fund_VIII_LP;Valar_Fund_VIII_LP;yes;;;
Valluga_Capital_GmbH;Valluga_Capital_GmbH;yes;;;
van_der_Heijden_Holdings_UG_(haftungsbeschrankt);van_der_Heijden_Holdings_UG_(haftungsbeschrankt);yes;;;
VB_Business_Group_GmbH;VB_Business_Group_GmbH;yes;;;
VC_Fonds_Technologie_Berlin_GmbH_HRB_111014B;VC_Fonds_Technologie_Berlin_GmbH_HRB_111014B;yes;;;
VEGA_Grieshaber_KG;VEGA_Grieshaber_KG;yes;;;
Venonta_GmbH;Venonta_GmbH;yes;;;
Venturo_UG_(haftungsbeschr\u00e4nkt);Venturo_UG_(haftungsbeschr\u00e4nkt);yes;;;
Verdurion_GmbH;Verdurion_GmbH;yes;;;
Vereinigte_Volksbank_Raiffeisenbank_eG;Vereinigte_Volksbank_Raiffeisenbank_eG;yes;;;
Vesta_Venture_Holding_GmbH;Vesta_Venture_Holding_GmbH;yes;;;
Vestion_GmbH;Vestion_GmbH;yes;;;
VeW_Venture-Capital_Westpfalz_Unternehmensbeteiligungsgesellschaft_mbH;VeW_Venture-Capital_Westpfalz_Unternehmensbeteiligungsgesellschaft_mbH;yes;;;
Vewatenge_GmbH;Vewatenge_GmbH;yes;;;
Vieten_Ventures_UG_(haftungsbeschrankt);Vieten_Ventures_UG_(haftungsbeschrankt);yes;;;
Vireo_Ventures_GmbH;Vireo_Ventures_GmbH;yes;;;
Virimeta_Holding_GmbH_Leipzig_HRB_41962;Virimeta_Holding_GmbH_Leipzig_HRB_41962;yes;;;
VividTech_Limited;VividTech_Limited;yes;;;
VMCIV_GmbH_AG_Mainz;VMCIV_GmbH_AG_Mainz;yes;;;
Vola_UG_(haftungsbeschrankt);Vola_UG_(haftungsbeschrankt);yes;;;
Volker_Pyrtek;Volker_Pyrtek;yes;;;
Vormals_Gesell-_|_Uvod_Ventures_UG_(haftungsbeschrankt);Vormals_Gesell-_|_Uvod_Ventures_UG_(haftungsbeschrankt);yes;;;
VR_Ventures_Fonds_GmbH_&_Co._KG;VR_Ventures_Fonds_GmbH_&_Co._KG;yes;;;
Vsquared_Ventures_|_GmbH_&_Co._KG;Vsquared_Ventures_|_GmbH_&_Co._KG;yes;;;
Vsquared_Ventures_GmbH_&_Co._KG;Vsquared_Ventures_GmbH_&_Co._KG;yes;;;
Vytoria_UG_(haftungsbeschrankt);Vytoria_UG_(haftungsbeschrankt);yes;;;
Wagnisfinanzierungsgesellschaft_für_Technologieförderung_in_Rheinland-Pfalz_mbH_(WTF);Wagnisfinanzierungsgesellschaft_für_Technologieförderung_in_Rheinland-Pfalz_mbH_(WTF);yes;;;
Warp284_GmbH;Warp284_GmbH;yes;;;
Wax_Venture_UG;Wax_Venture_UG;yes;;;
Wax_Venture_UG_(haftungsbeschränkt);Wax_Venture_UG_(haftungsbeschränkt);yes;;;
Wax_Venture_UG_(haftungsbeschrankt);Wax_Venture_UG_(haftungsbeschrankt);yes;;;
WCap_GmbH;WCap_GmbH;yes;;;
WCP_Holding_GmbH;WCP_Holding_GmbH;yes;;;
WEFA_GmbH;WEFA_GmbH;yes;;;
Weinberger_Ventures_UG_(haftungsbeschrankt);Weinberger_Ventures_UG_(haftungsbeschrankt);yes;;;
WENVEST_Capital_GmbH;WENVEST_Capital_GmbH;yes;;;
WF_World_Fund_GmbH_&_Co._KG;WF_World_Fund_GmbH_&_Co._KG;yes;;;
whiletrue_GmbH;whiletrue_GmbH;yes;;;
Wiechmann_Ventures_UG_(haftungsbeschrankt);Wiechmann_Ventures_UG_(haftungsbeschrankt);yes;;;
Wilczura_Holding_UG_(haftungs-beschrankt);Wilczura_Holding_UG_(haftungs-beschrankt);yes;;;
Wilde_NF_UG_(haftungsbeschrankt);Wilde_NF_UG_(haftungsbeschrankt);yes;;;
Wilezura_Holding_UG_(haftungs-beschrankt);Wilezura_Holding_UG_(haftungs-beschrankt);yes;;;
Wilfried_Duteil;Wilfried_Duteil;yes;;;
Wilmking_GmbH;Wilmking_GmbH;yes;;;
Wingman_Ventures_Fund_Il_SCSp;Wingman_Ventures_Fund_Il_SCSp;yes;;;
Wirich_Paul_Wallenhorst;Wirich_Paul_Wallenhorst;yes;;;
wkcp_UG_(haftungsbeschränkt)_Berlin_AG_Charlottenburg;wkcp_UG_(haftungsbeschränkt)_Berlin_AG_Charlottenburg;yes;;;
WMA_Master_VCC;WMA_Master_VCC;yes;;;
Wolcott_Ventures_GmbH;Wolcott_Ventures_GmbH;yes;;;
Wolffpack_Ventures_UG_(haftungsbeschrankt);Wolffpack_Ventures_UG_(haftungsbeschrankt);yes;;;
Wolfgang_Gattermeyer;Wolfgang_Gattermeyer;yes;;;
Wolfgang_Ridinger;Wolfgang_Ridinger;yes;;;
Wolfgang_Schmidt;Wolfgang_Schmidt;yes;;;
Wolfquadrat_GmbH;Wolfquadrat_GmbH;yes;;;
wow_yes_ventures_GmbH;wow_yes_ventures_GmbH;yes;;;
wrapall_UG_(haftungsbeschrankt);wrapall_UG_(haftungsbeschrankt);yes;;;
Wurlitzer_Capital_GmbH;Wurlitzer_Capital_GmbH;yes;;;
X8_Software_GmbH;X8_Software_GmbH;yes;;;
XDECK_Fund_1/K6éIn_GmbH_&_Co._KG;XDECK_Fund_1/K6éIn_GmbH_&_Co._KG;yes;;;
XIMA_INVEST_ApS;XIMA_INVEST_ApS;yes;;;
yabeo_PropertyTech_2021_GmbH;yabeo_PropertyTech_2021_GmbH;yes;;;
Yannik_Prigl;Yannik_Prigl;yes;;;
Yasser_Ezbakhe;Yasser_Ezbakhe;yes;;;
Yggdrasil_Beteiligungs_UG_(haftungsbeschrankt);Yggdrasil_Beteiligungs_UG_(haftungsbeschrankt);yes;;;
Yokoyama_Ventures_UG_(haftungsbeschrankt);Yokoyama_Ventures_UG_(haftungsbeschrankt);yes;;;
YOU_MAWO_GmbH;YOU_MAWO_GmbH;yes;;;
YouCo_H156_GmbH_(kiinftig:/future:_Tesoro_GmbH);YouCo_H156_GmbH_(kiinftig:/future:_Tesoro_GmbH);yes;;;
Z_Equity_GmbH;Z_Equity_GmbH;yes;;;
Zapata_Investments_UG;Zapata_Investments_UG;yes;;;
ZEITGEIST_Tech_Ventures_GmbH;ZEITGEIST_Tech_Ventures_GmbH;yes;;;
Zenoo_Limited;Zenoo_Limited;yes;;;
Zent_Investments_UG_(haftungsbeschrankt);Zent_Investments_UG_(haftungsbeschrankt);yes;;;
Zhovtyuk_UG_(haftungsbeschrankt);Zhovtyuk_UG_(haftungsbeschrankt);yes;;;
Zitzmann,_Robert;Zitzmann,_Robert;yes;;;
Zooboo_Ventures_UG_(haftungsbeschrankt);Zooboo_Ventures_UG_(haftungsbeschrankt);yes;;;
Zurich,_Schweiz,_Handelsregister_des_Kantons_Zurich;Zurich,_Schweiz,_Handelsregister_des_Kantons_Zurich;yes;;;
Zweig_am_Baum_Investment_UG_(haftungsbeschrankt);Zweig_am_Baum_Investment_UG_(haftungsbeschrankt);yes;;;